timestamp,symbol,open,high,low,close,volume,updated_at
2021-07-18T23:00:00+02:00,EUR/USD,1.181,1.18131,1.18085,1.18094,36,2026-04-28T05:21:32.785156+02:00
2021-07-19T00:00:00+02:00,EUR/USD,1.18086,1.181,1.18034,1.18098,542,2026-04-28T05:21:32.785156+02:00
2021-07-19T01:00:00+02:00,EUR/USD,1.18096,1.18139,1.18093,1.18125,610,2026-04-28T05:21:32.785156+02:00
2021-07-19T02:00:00+02:00,EUR/USD,1.18126,1.18138,1.18012,1.18021,1795,2026-04-28T05:21:32.785156+02:00
2021-07-19T03:00:00+02:00,EUR/USD,1.18022,1.18068,1.1798,1.18018,1564,2026-04-28T05:21:32.785156+02:00
2021-07-19T04:00:00+02:00,EUR/USD,1.18016,1.18048,1.18004,1.18036,1096,2026-04-28T05:21:32.785156+02:00
2021-07-19T05:00:00+02:00,EUR/USD,1.18035,1.18051,1.18022,1.18046,689,2026-04-28T05:21:32.785156+02:00
2021-07-19T06:00:00+02:00,EUR/USD,1.18048,1.18086,1.18046,1.18062,568,2026-04-28T05:21:32.785156+02:00
2021-07-19T07:00:00+02:00,EUR/USD,1.18061,1.18086,1.18014,1.18025,1030,2026-04-28T05:21:32.785156+02:00
2021-07-19T08:00:00+02:00,EUR/USD,1.18024,1.18047,1.17974,1.17974,2823,2026-04-28T05:21:32.785156+02:00
2021-07-19T09:00:00+02:00,EUR/USD,1.17975,1.17988,1.17781,1.17809,7427,2026-04-28T05:21:32.785156+02:00
2021-07-19T10:00:00+02:00,EUR/USD,1.17811,1.17838,1.17654,1.17733,6595,2026-04-28T05:21:32.785156+02:00
2021-07-19T11:00:00+02:00,EUR/USD,1.17732,1.17806,1.17655,1.17792,5332,2026-04-28T05:21:32.785156+02:00
2021-07-19T12:00:00+02:00,EUR/USD,1.1779,1.17829,1.1771,1.17763,5697,2026-04-28T05:21:32.785156+02:00
2021-07-19T13:00:00+02:00,EUR/USD,1.17765,1.17805,1.17684,1.17714,5751,2026-04-28T05:21:32.785156+02:00
2021-07-19T14:00:00+02:00,EUR/USD,1.17715,1.17887,1.17638,1.17869,6980,2026-04-28T05:21:32.785156+02:00
2021-07-19T15:00:00+02:00,EUR/USD,1.1787,1.1823,1.17838,1.1821,12856,2026-04-28T05:21:32.785156+02:00
2021-07-19T16:00:00+02:00,EUR/USD,1.18212,1.18246,1.18047,1.18056,12308,2026-04-28T05:21:32.785156+02:00
2021-07-19T17:00:00+02:00,EUR/USD,1.18055,1.18101,1.17945,1.18056,7806,2026-04-28T05:21:32.785156+02:00
2021-07-19T18:00:00+02:00,EUR/USD,1.18054,1.1807,1.17979,1.1799,5195,2026-04-28T05:21:32.785156+02:00
2021-07-19T19:00:00+02:00,EUR/USD,1.17991,1.18011,1.17934,1.17946,4276,2026-04-28T05:21:32.785156+02:00
2021-07-19T20:00:00+02:00,EUR/USD,1.17944,1.18026,1.17911,1.17916,3870,2026-04-28T05:21:32.785156+02:00
2021-07-19T21:00:00+02:00,EUR/USD,1.17917,1.17992,1.17915,1.17976,3419,2026-04-28T05:21:32.785156+02:00
2021-07-19T22:00:00+02:00,EUR/USD,1.17978,1.1801,1.17964,1.17986,1429,2026-04-28T05:21:32.785156+02:00
2021-07-19T23:00:00+02:00,EUR/USD,1.17997,1.18025,1.17958,1.17972,167,2026-04-28T05:21:32.785156+02:00
2021-07-20T00:00:00+02:00,EUR/USD,1.17976,1.18005,1.1794,1.1794,306,2026-04-28T05:21:32.785156+02:00
2021-07-20T01:00:00+02:00,EUR/USD,1.17942,1.17952,1.17917,1.17919,328,2026-04-28T05:21:32.785156+02:00
2021-07-20T02:00:00+02:00,EUR/USD,1.17918,1.17995,1.17902,1.17949,1653,2026-04-28T05:21:32.785156+02:00
2021-07-20T03:00:00+02:00,EUR/USD,1.1795,1.17982,1.17918,1.17973,1975,2026-04-28T05:21:32.785156+02:00
2021-07-20T04:00:00+02:00,EUR/USD,1.17972,1.18022,1.17945,1.17946,1656,2026-04-28T05:21:32.785156+02:00
2021-07-20T05:00:00+02:00,EUR/USD,1.17948,1.17954,1.17901,1.17934,2003,2026-04-28T05:21:32.785156+02:00
2021-07-20T06:00:00+02:00,EUR/USD,1.17932,1.17932,1.17882,1.17888,1476,2026-04-28T05:21:32.785156+02:00
2021-07-20T07:00:00+02:00,EUR/USD,1.17886,1.17887,1.17802,1.17844,1787,2026-04-28T05:21:32.785156+02:00
2021-07-20T08:00:00+02:00,EUR/USD,1.17842,1.17854,1.17758,1.17782,4678,2026-04-28T05:21:32.785156+02:00
2021-07-20T09:00:00+02:00,EUR/USD,1.17781,1.17917,1.17722,1.17838,8267,2026-04-28T05:21:32.785156+02:00
2021-07-20T10:00:00+02:00,EUR/USD,1.17836,1.1795,1.17816,1.1788,6449,2026-04-28T05:21:32.785156+02:00
2021-07-20T11:00:00+02:00,EUR/USD,1.17878,1.18026,1.17872,1.17998,5746,2026-04-28T05:21:32.785156+02:00
2021-07-20T12:00:00+02:00,EUR/USD,1.17996,1.17998,1.17812,1.17822,6199,2026-04-28T05:21:32.785156+02:00
2021-07-20T13:00:00+02:00,EUR/USD,1.17822,1.17929,1.1776,1.17878,6229,2026-04-28T05:21:32.785156+02:00
2021-07-20T14:00:00+02:00,EUR/USD,1.17876,1.17884,1.1765,1.17726,8086,2026-04-28T05:21:32.785156+02:00
2021-07-20T15:00:00+02:00,EUR/USD,1.17726,1.17754,1.17556,1.17668,10998,2026-04-28T05:21:32.785156+02:00
2021-07-20T16:00:00+02:00,EUR/USD,1.17668,1.17807,1.17558,1.17645,9305,2026-04-28T05:21:32.785156+02:00
2021-07-20T17:00:00+02:00,EUR/USD,1.17642,1.17748,1.1756,1.17746,6535,2026-04-28T05:21:32.785156+02:00
2021-07-20T18:00:00+02:00,EUR/USD,1.17748,1.178,1.17713,1.17778,4099,2026-04-28T05:21:32.785156+02:00
2021-07-20T19:00:00+02:00,EUR/USD,1.1778,1.17829,1.1774,1.17791,3122,2026-04-28T05:21:32.785156+02:00
2021-07-20T20:00:00+02:00,EUR/USD,1.1779,1.17861,1.1778,1.17818,3064,2026-04-28T05:21:32.785156+02:00
2021-07-20T21:00:00+02:00,EUR/USD,1.1782,1.17848,1.17794,1.17825,2180,2026-04-28T05:21:32.785156+02:00
2021-07-20T22:00:00+02:00,EUR/USD,1.1782,1.17832,1.178,1.17808,1725,2026-04-28T05:21:32.785156+02:00
2021-07-20T23:00:00+02:00,EUR/USD,1.17808,1.17829,1.17792,1.17802,108,2026-04-28T05:21:32.785156+02:00
2021-07-21T00:00:00+02:00,EUR/USD,1.17798,1.17832,1.17798,1.17827,266,2026-04-28T05:21:32.785156+02:00
2021-07-21T01:00:00+02:00,EUR/USD,1.17828,1.17828,1.17781,1.17812,405,2026-04-28T05:21:32.785156+02:00
2021-07-21T02:00:00+02:00,EUR/USD,1.17814,1.1783,1.17786,1.17798,1142,2026-04-28T05:21:32.785156+02:00
2021-07-21T03:00:00+02:00,EUR/USD,1.178,1.17805,1.1774,1.17755,1435,2026-04-28T05:21:32.785156+02:00
2021-07-21T04:00:00+02:00,EUR/USD,1.17753,1.17756,1.17702,1.17726,1583,2026-04-28T05:21:32.785156+02:00
2021-07-21T05:00:00+02:00,EUR/USD,1.17725,1.17772,1.17712,1.1775,819,2026-04-28T05:21:32.785156+02:00
2021-07-21T06:00:00+02:00,EUR/USD,1.17749,1.17749,1.17712,1.17724,629,2026-04-28T05:21:32.785156+02:00
2021-07-21T07:00:00+02:00,EUR/USD,1.17724,1.17761,1.17664,1.17671,1521,2026-04-28T05:21:32.785156+02:00
2021-07-21T08:00:00+02:00,EUR/USD,1.17669,1.1769,1.17604,1.17633,4630,2026-04-28T05:21:32.785156+02:00
2021-07-21T09:00:00+02:00,EUR/USD,1.17631,1.17638,1.17518,1.17612,7242,2026-04-28T05:21:32.785156+02:00
2021-07-21T10:00:00+02:00,EUR/USD,1.17614,1.17824,1.1754,1.17796,6199,2026-04-28T05:21:32.785156+02:00
2021-07-21T11:00:00+02:00,EUR/USD,1.17797,1.17804,1.1768,1.17734,3907,2026-04-28T05:21:32.785156+02:00
2021-07-21T12:00:00+02:00,EUR/USD,1.17734,1.17784,1.177,1.17721,3742,2026-04-28T05:21:32.785156+02:00
2021-07-21T13:00:00+02:00,EUR/USD,1.17722,1.17786,1.17678,1.17706,4739,2026-04-28T05:21:32.785156+02:00
2021-07-21T14:00:00+02:00,EUR/USD,1.17705,1.17725,1.17598,1.17661,5366,2026-04-28T05:21:32.785156+02:00
2021-07-21T15:00:00+02:00,EUR/USD,1.17656,1.17887,1.17623,1.17872,7323,2026-04-28T05:21:32.785156+02:00
2021-07-21T16:00:00+02:00,EUR/USD,1.17874,1.17984,1.17822,1.17898,8523,2026-04-28T05:21:32.785156+02:00
2021-07-21T17:00:00+02:00,EUR/USD,1.17895,1.18039,1.17862,1.17982,5927,2026-04-28T05:21:32.785156+02:00
2021-07-21T18:00:00+02:00,EUR/USD,1.1798,1.17988,1.17894,1.17934,3549,2026-04-28T05:21:32.785156+02:00
2021-07-21T19:00:00+02:00,EUR/USD,1.17935,1.18002,1.17917,1.17958,3745,2026-04-28T05:21:32.785156+02:00
2021-07-21T20:00:00+02:00,EUR/USD,1.1796,1.18008,1.17932,1.18003,2195,2026-04-28T05:21:32.785156+02:00
2021-07-21T21:00:00+02:00,EUR/USD,1.18002,1.18048,1.17986,1.18002,2043,2026-04-28T05:21:32.785156+02:00
2021-07-21T22:00:00+02:00,EUR/USD,1.18003,1.18004,1.17919,1.17948,1412,2026-04-28T05:21:32.785156+02:00
2021-07-21T23:00:00+02:00,EUR/USD,1.17932,1.18004,1.17896,1.17969,241,2026-04-28T05:21:32.785156+02:00
2021-07-22T00:00:00+02:00,EUR/USD,1.17976,1.17976,1.17931,1.17931,383,2026-04-28T05:21:32.785156+02:00
2021-07-22T01:00:00+02:00,EUR/USD,1.1793,1.17954,1.1791,1.17924,409,2026-04-28T05:21:32.785156+02:00
2021-07-22T02:00:00+02:00,EUR/USD,1.17926,1.17944,1.17881,1.17884,877,2026-04-28T05:21:32.785156+02:00
2021-07-22T03:00:00+02:00,EUR/USD,1.17885,1.17966,1.17867,1.17962,1280,2026-04-28T05:21:32.785156+02:00
2021-07-22T04:00:00+02:00,EUR/USD,1.17964,1.17986,1.17902,1.17903,1008,2026-04-28T05:21:32.785156+02:00
2021-07-22T05:00:00+02:00,EUR/USD,1.17902,1.17972,1.17902,1.17961,686,2026-04-28T05:21:32.785156+02:00
2021-07-22T06:00:00+02:00,EUR/USD,1.1796,1.18002,1.17958,1.17971,470,2026-04-28T05:21:32.785156+02:00
2021-07-22T07:00:00+02:00,EUR/USD,1.1797,1.17984,1.17926,1.17933,903,2026-04-28T05:21:32.785156+02:00
2021-07-22T08:00:00+02:00,EUR/USD,1.17932,1.18013,1.17905,1.17948,3741,2026-04-28T05:21:32.785156+02:00
2021-07-22T09:00:00+02:00,EUR/USD,1.17948,1.1802,1.17934,1.17937,5415,2026-04-28T05:21:32.785156+02:00
2021-07-22T10:00:00+02:00,EUR/USD,1.17938,1.1798,1.17792,1.17967,6516,2026-04-28T05:21:32.785156+02:00
2021-07-22T11:00:00+02:00,EUR/USD,1.17966,1.17998,1.17926,1.17943,3791,2026-04-28T05:21:32.785156+02:00
2021-07-22T12:00:00+02:00,EUR/USD,1.17942,1.1797,1.1785,1.17916,4353,2026-04-28T05:21:32.785156+02:00
2021-07-22T13:00:00+02:00,EUR/USD,1.17915,1.18136,1.17824,1.17939,8991,2026-04-28T05:21:32.785156+02:00
2021-07-22T14:00:00+02:00,EUR/USD,1.17937,1.18008,1.17708,1.18,15960,2026-04-28T05:21:32.785156+02:00
2021-07-22T15:00:00+02:00,EUR/USD,1.17996,1.18306,1.17965,1.18158,13115,2026-04-28T05:21:32.785156+02:00
2021-07-22T16:00:00+02:00,EUR/USD,1.1816,1.18171,1.17828,1.1791,10143,2026-04-28T05:21:32.785156+02:00
2021-07-22T17:00:00+02:00,EUR/USD,1.1791,1.17922,1.17639,1.17672,6837,2026-04-28T05:21:32.785156+02:00
2021-07-22T18:00:00+02:00,EUR/USD,1.17674,1.17692,1.17574,1.17628,4419,2026-04-28T05:21:32.785156+02:00
2021-07-22T19:00:00+02:00,EUR/USD,1.17629,1.17664,1.17576,1.17627,2861,2026-04-28T05:21:32.785156+02:00
2021-07-22T20:00:00+02:00,EUR/USD,1.17624,1.17731,1.17622,1.17716,2510,2026-04-28T05:21:32.785156+02:00
2021-07-22T21:00:00+02:00,EUR/USD,1.17717,1.17762,1.177,1.17702,1717,2026-04-28T05:21:32.785156+02:00
2021-07-22T22:00:00+02:00,EUR/USD,1.17702,1.17714,1.17668,1.17713,1117,2026-04-28T05:21:32.785156+02:00
2021-07-22T23:00:00+02:00,EUR/USD,1.17702,1.1776,1.1764,1.17716,401,2026-04-28T05:21:32.785156+02:00
2021-07-23T00:00:00+02:00,EUR/USD,1.17711,1.17764,1.17682,1.17728,476,2026-04-28T05:21:32.785156+02:00
2021-07-23T01:00:00+02:00,EUR/USD,1.17732,1.17756,1.17713,1.17724,422,2026-04-28T05:21:32.785156+02:00
2021-07-23T02:00:00+02:00,EUR/USD,1.17726,1.178,1.17724,1.1778,717,2026-04-28T05:21:32.785156+02:00
2021-07-23T03:00:00+02:00,EUR/USD,1.17782,1.17805,1.1775,1.1775,790,2026-04-28T05:21:32.785156+02:00
2021-07-23T04:00:00+02:00,EUR/USD,1.17752,1.17756,1.17708,1.17745,751,2026-04-28T05:21:32.785156+02:00
2021-07-23T05:00:00+02:00,EUR/USD,1.17744,1.17761,1.17696,1.17698,812,2026-04-28T05:21:32.785156+02:00
2021-07-23T06:00:00+02:00,EUR/USD,1.17697,1.17706,1.17674,1.17679,1014,2026-04-28T05:21:32.785156+02:00
2021-07-23T07:00:00+02:00,EUR/USD,1.1768,1.17718,1.1764,1.17646,944,2026-04-28T05:21:32.785156+02:00
2021-07-23T08:00:00+02:00,EUR/USD,1.17645,1.17745,1.1763,1.17718,3119,2026-04-28T05:21:32.785156+02:00
2021-07-23T09:00:00+02:00,EUR/USD,1.17716,1.17792,1.17644,1.17772,7212,2026-04-28T05:21:32.785156+02:00
2021-07-23T10:00:00+02:00,EUR/USD,1.17774,1.17866,1.17742,1.17746,5866,2026-04-28T05:21:32.785156+02:00
2021-07-23T11:00:00+02:00,EUR/USD,1.17744,1.17771,1.17621,1.1769,4799,2026-04-28T05:21:32.785156+02:00
2021-07-23T12:00:00+02:00,EUR/USD,1.17688,1.177,1.176,1.17638,3814,2026-04-28T05:21:32.785156+02:00
2021-07-23T13:00:00+02:00,EUR/USD,1.17636,1.1768,1.17544,1.17616,4493,2026-04-28T05:21:32.785156+02:00
2021-07-23T14:00:00+02:00,EUR/USD,1.17618,1.17811,1.17616,1.17797,4359,2026-04-28T05:21:32.785156+02:00
2021-07-23T15:00:00+02:00,EUR/USD,1.17798,1.17803,1.17602,1.17649,5887,2026-04-28T05:21:32.785156+02:00
2021-07-23T16:00:00+02:00,EUR/USD,1.17648,1.17657,1.17549,1.1762,5552,2026-04-28T05:21:32.785156+02:00
2021-07-23T17:00:00+02:00,EUR/USD,1.17618,1.1766,1.17582,1.176,3517,2026-04-28T05:21:32.785156+02:00
2021-07-23T18:00:00+02:00,EUR/USD,1.17598,1.17697,1.17598,1.17684,2964,2026-04-28T05:21:32.785156+02:00
2021-07-23T19:00:00+02:00,EUR/USD,1.17685,1.17738,1.17684,1.17704,1752,2026-04-28T05:21:32.785156+02:00
2021-07-23T20:00:00+02:00,EUR/USD,1.17702,1.1772,1.17691,1.17714,1241,2026-04-28T05:21:32.785156+02:00
2021-07-23T21:00:00+02:00,EUR/USD,1.17714,1.17761,1.17707,1.17718,1389,2026-04-28T05:21:32.785156+02:00
2021-07-23T22:00:00+02:00,EUR/USD,1.17716,1.17761,1.1769,1.17717,956,2026-04-28T05:21:32.785156+02:00
2021-07-25T23:00:00+02:00,EUR/USD,1.17735,1.17749,1.17707,1.1774,39,2026-04-28T05:21:32.785156+02:00
2021-07-26T00:00:00+02:00,EUR/USD,1.17734,1.17746,1.17693,1.17741,485,2026-04-28T05:21:32.785156+02:00
2021-07-26T01:00:00+02:00,EUR/USD,1.1774,1.17745,1.17718,1.17732,347,2026-04-28T05:21:32.785156+02:00
2021-07-26T02:00:00+02:00,EUR/USD,1.1773,1.17736,1.17635,1.17663,1416,2026-04-28T05:21:32.785156+02:00
2021-07-26T03:00:00+02:00,EUR/USD,1.17664,1.17726,1.17654,1.17711,2003,2026-04-28T05:21:32.785156+02:00
2021-07-26T04:00:00+02:00,EUR/USD,1.17712,1.17756,1.17712,1.17719,1196,2026-04-28T05:21:32.785156+02:00
2021-07-26T05:00:00+02:00,EUR/USD,1.1772,1.17786,1.17708,1.17785,814,2026-04-28T05:21:32.785156+02:00
2021-07-26T06:00:00+02:00,EUR/USD,1.17786,1.17804,1.17764,1.17786,821,2026-04-28T05:21:32.785156+02:00
2021-07-26T07:00:00+02:00,EUR/USD,1.17788,1.1785,1.1776,1.17834,1242,2026-04-28T05:21:32.785156+02:00
2021-07-26T08:00:00+02:00,EUR/USD,1.17832,1.17833,1.17708,1.1772,5004,2026-04-28T05:21:32.785156+02:00
2021-07-26T09:00:00+02:00,EUR/USD,1.17722,1.18005,1.1772,1.17836,7549,2026-04-28T05:21:32.785156+02:00
2021-07-26T10:00:00+02:00,EUR/USD,1.17834,1.17864,1.17672,1.1784,6342,2026-04-28T05:21:32.785156+02:00
2021-07-26T11:00:00+02:00,EUR/USD,1.1784,1.17994,1.17812,1.17971,5281,2026-04-28T05:21:32.785156+02:00
2021-07-26T12:00:00+02:00,EUR/USD,1.1797,1.17992,1.17916,1.1792,3464,2026-04-28T05:21:32.785156+02:00
2021-07-26T13:00:00+02:00,EUR/USD,1.17918,1.17976,1.17878,1.17928,4762,2026-04-28T05:21:32.785156+02:00
2021-07-26T14:00:00+02:00,EUR/USD,1.17929,1.17942,1.17792,1.17832,4829,2026-04-28T05:21:32.785156+02:00
2021-07-26T15:00:00+02:00,EUR/USD,1.1783,1.18116,1.178,1.18062,8117,2026-04-28T05:21:32.785156+02:00
2021-07-26T16:00:00+02:00,EUR/USD,1.1806,1.18174,1.18022,1.18079,8215,2026-04-28T05:21:32.785156+02:00
2021-07-26T17:00:00+02:00,EUR/USD,1.18078,1.1815,1.18066,1.18099,4458,2026-04-28T05:21:32.785156+02:00
2021-07-26T18:00:00+02:00,EUR/USD,1.181,1.18134,1.18068,1.18124,2422,2026-04-28T05:21:32.785156+02:00
2021-07-26T19:00:00+02:00,EUR/USD,1.18122,1.18134,1.18101,1.18106,1803,2026-04-28T05:21:32.785156+02:00
2021-07-26T20:00:00+02:00,EUR/USD,1.18108,1.1812,1.17999,1.17999,1711,2026-04-28T05:21:32.785156+02:00
2021-07-26T21:00:00+02:00,EUR/USD,1.18,1.18054,1.17992,1.18054,2022,2026-04-28T05:21:32.785156+02:00
2021-07-26T22:00:00+02:00,EUR/USD,1.18052,1.18074,1.18022,1.1803,1236,2026-04-28T05:21:32.785156+02:00
2021-07-26T23:00:00+02:00,EUR/USD,1.18034,1.1807,1.18024,1.18037,128,2026-04-28T05:21:32.785156+02:00
2021-07-27T00:00:00+02:00,EUR/USD,1.1803,1.18034,1.17993,1.18005,332,2026-04-28T05:21:32.785156+02:00
2021-07-27T01:00:00+02:00,EUR/USD,1.18003,1.18068,1.17999,1.18049,478,2026-04-28T05:21:32.785156+02:00
2021-07-27T02:00:00+02:00,EUR/USD,1.18048,1.18123,1.18036,1.18085,1280,2026-04-28T05:21:32.785156+02:00
2021-07-27T03:00:00+02:00,EUR/USD,1.18084,1.1809,1.18022,1.18032,1795,2026-04-28T05:21:32.785156+02:00
2021-07-27T04:00:00+02:00,EUR/USD,1.18034,1.18064,1.18017,1.18061,1470,2026-04-28T05:21:32.785156+02:00
2021-07-27T05:00:00+02:00,EUR/USD,1.1806,1.18064,1.1801,1.18054,1292,2026-04-28T05:21:32.785156+02:00
2021-07-27T06:00:00+02:00,EUR/USD,1.18055,1.18066,1.18012,1.18024,740,2026-04-28T05:21:32.785156+02:00
2021-07-27T07:00:00+02:00,EUR/USD,1.18022,1.18025,1.1799,1.18009,1325,2026-04-28T05:21:32.785156+02:00
2021-07-27T08:00:00+02:00,EUR/USD,1.18011,1.18011,1.1788,1.17882,3740,2026-04-28T05:21:32.785156+02:00
2021-07-27T09:00:00+02:00,EUR/USD,1.1788,1.17881,1.17752,1.17832,9466,2026-04-28T05:21:32.785156+02:00
2021-07-27T10:00:00+02:00,EUR/USD,1.1783,1.17834,1.17701,1.17776,5825,2026-04-28T05:21:32.785156+02:00
2021-07-27T11:00:00+02:00,EUR/USD,1.17777,1.17856,1.17744,1.17822,4080,2026-04-28T05:21:32.785156+02:00
2021-07-27T12:00:00+02:00,EUR/USD,1.1782,1.179,1.17764,1.17888,3334,2026-04-28T05:21:32.785156+02:00
2021-07-27T13:00:00+02:00,EUR/USD,1.17887,1.18002,1.17859,1.17986,4233,2026-04-28T05:21:32.785156+02:00
2021-07-27T14:00:00+02:00,EUR/USD,1.17988,1.18196,1.17987,1.18186,6556,2026-04-28T05:21:32.785156+02:00
2021-07-27T15:00:00+02:00,EUR/USD,1.18188,1.18264,1.18006,1.1813,8756,2026-04-28T05:21:32.785156+02:00
2021-07-27T16:00:00+02:00,EUR/USD,1.18132,1.18278,1.18062,1.18251,9407,2026-04-28T05:21:32.785156+02:00
2021-07-27T17:00:00+02:00,EUR/USD,1.18252,1.18371,1.18236,1.18306,7634,2026-04-28T05:21:32.785156+02:00
2021-07-27T18:00:00+02:00,EUR/USD,1.18308,1.18366,1.18272,1.18363,4412,2026-04-28T05:21:32.785156+02:00
2021-07-27T19:00:00+02:00,EUR/USD,1.18362,1.18412,1.18336,1.18342,2817,2026-04-28T05:21:32.785156+02:00
2021-07-27T20:00:00+02:00,EUR/USD,1.1834,1.18354,1.18228,1.18229,2499,2026-04-28T05:21:32.785156+02:00
2021-07-27T21:00:00+02:00,EUR/USD,1.18228,1.18233,1.18189,1.18217,2181,2026-04-28T05:21:32.785156+02:00
2021-07-27T22:00:00+02:00,EUR/USD,1.18216,1.18228,1.18152,1.18161,2834,2026-04-28T05:21:32.785156+02:00
2021-07-27T23:00:00+02:00,EUR/USD,1.18173,1.18215,1.18164,1.1819,89,2026-04-28T05:21:32.785156+02:00
2021-07-28T00:00:00+02:00,EUR/USD,1.18194,1.18196,1.18136,1.18166,541,2026-04-28T05:21:32.785156+02:00
2021-07-28T01:00:00+02:00,EUR/USD,1.18168,1.18214,1.18158,1.18204,359,2026-04-28T05:21:32.785156+02:00
2021-07-28T02:00:00+02:00,EUR/USD,1.18206,1.1824,1.18125,1.18141,1659,2026-04-28T05:21:32.785156+02:00
2021-07-28T03:00:00+02:00,EUR/USD,1.18143,1.18236,1.18142,1.18222,2229,2026-04-28T05:21:32.785156+02:00
2021-07-28T04:00:00+02:00,EUR/USD,1.18221,1.1825,1.18178,1.1825,1663,2026-04-28T05:21:32.785156+02:00
2021-07-28T05:00:00+02:00,EUR/USD,1.18248,1.18276,1.18212,1.18215,1155,2026-04-28T05:21:32.785156+02:00
2021-07-28T06:00:00+02:00,EUR/USD,1.18213,1.18233,1.18198,1.18198,611,2026-04-28T05:21:32.785156+02:00
2021-07-28T07:00:00+02:00,EUR/USD,1.18198,1.182,1.18146,1.1818,1409,2026-04-28T05:21:32.785156+02:00
2021-07-28T08:00:00+02:00,EUR/USD,1.1818,1.182,1.18032,1.18038,3314,2026-04-28T05:21:32.785156+02:00
2021-07-28T09:00:00+02:00,EUR/USD,1.18039,1.18124,1.18036,1.18073,4053,2026-04-28T05:21:32.785156+02:00
2021-07-28T10:00:00+02:00,EUR/USD,1.18072,1.18304,1.18022,1.1829,5072,2026-04-28T05:21:32.785156+02:00
2021-07-28T11:00:00+02:00,EUR/USD,1.18292,1.18292,1.18138,1.18154,4606,2026-04-28T05:21:32.785156+02:00
2021-07-28T12:00:00+02:00,EUR/USD,1.18155,1.18192,1.18014,1.18044,4596,2026-04-28T05:21:32.785156+02:00
2021-07-28T13:00:00+02:00,EUR/USD,1.18042,1.18123,1.17996,1.18102,5389,2026-04-28T05:21:32.785156+02:00
2021-07-28T14:00:00+02:00,EUR/USD,1.18104,1.18112,1.17918,1.17988,5833,2026-04-28T05:21:32.785156+02:00
2021-07-28T15:00:00+02:00,EUR/USD,1.17987,1.18036,1.17833,1.17866,7515,2026-04-28T05:21:32.785156+02:00
2021-07-28T16:00:00+02:00,EUR/USD,1.17866,1.18053,1.17847,1.17998,7404,2026-04-28T05:21:32.785156+02:00
2021-07-28T17:00:00+02:00,EUR/USD,1.17996,1.18116,1.17975,1.18094,5940,2026-04-28T05:21:32.785156+02:00
2021-07-28T18:00:00+02:00,EUR/USD,1.18092,1.18159,1.1807,1.18144,3315,2026-04-28T05:21:32.785156+02:00
2021-07-28T19:00:00+02:00,EUR/USD,1.18144,1.18184,1.18104,1.18118,2638,2026-04-28T05:21:32.785156+02:00
2021-07-28T20:00:00+02:00,EUR/USD,1.18122,1.18433,1.17722,1.18382,28510,2026-04-28T05:21:32.785156+02:00
2021-07-28T21:00:00+02:00,EUR/USD,1.18381,1.18492,1.18308,1.18474,9318,2026-04-28T05:21:32.785156+02:00
2021-07-28T22:00:00+02:00,EUR/USD,1.18474,1.18499,1.18422,1.18425,1613,2026-04-28T05:21:32.785156+02:00
2021-07-28T23:00:00+02:00,EUR/USD,1.18442,1.18464,1.18406,1.18444,137,2026-04-28T05:21:32.785156+02:00
2021-07-29T00:00:00+02:00,EUR/USD,1.1844,1.18461,1.1843,1.18446,375,2026-04-28T05:21:32.785156+02:00
2021-07-29T01:00:00+02:00,EUR/USD,1.18448,1.1847,1.18434,1.18456,512,2026-04-28T05:21:32.785156+02:00
2021-07-29T02:00:00+02:00,EUR/USD,1.18458,1.18469,1.18407,1.18436,1297,2026-04-28T05:21:32.785156+02:00
2021-07-29T03:00:00+02:00,EUR/USD,1.18437,1.185,1.18418,1.18496,2465,2026-04-28T05:21:32.785156+02:00
2021-07-29T04:00:00+02:00,EUR/USD,1.18494,1.18577,1.18464,1.18546,2693,2026-04-28T05:21:32.785156+02:00
2021-07-29T05:00:00+02:00,EUR/USD,1.18547,1.18582,1.1851,1.18544,1599,2026-04-28T05:21:32.785156+02:00
2021-07-29T06:00:00+02:00,EUR/USD,1.18543,1.1859,1.18535,1.18564,815,2026-04-28T05:21:32.785156+02:00
2021-07-29T07:00:00+02:00,EUR/USD,1.18565,1.186,1.18547,1.18556,1336,2026-04-28T05:21:32.785156+02:00
2021-07-29T08:00:00+02:00,EUR/USD,1.18557,1.18637,1.18502,1.18524,4774,2026-04-28T05:21:32.785156+02:00
2021-07-29T09:00:00+02:00,EUR/USD,1.18525,1.187,1.18518,1.18686,5513,2026-04-28T05:21:32.785156+02:00
2021-07-29T10:00:00+02:00,EUR/USD,1.18684,1.18797,1.18647,1.18766,5095,2026-04-28T05:21:32.785156+02:00
2021-07-29T11:00:00+02:00,EUR/USD,1.18765,1.1878,1.18694,1.18744,3704,2026-04-28T05:21:32.785156+02:00
2021-07-29T12:00:00+02:00,EUR/USD,1.18743,1.18803,1.18724,1.18752,3281,2026-04-28T05:21:32.785156+02:00
2021-07-29T13:00:00+02:00,EUR/USD,1.18754,1.1877,1.187,1.18715,3363,2026-04-28T05:21:32.785156+02:00
2021-07-29T14:00:00+02:00,EUR/USD,1.18714,1.18854,1.1871,1.18843,6839,2026-04-28T05:21:32.785156+02:00
2021-07-29T15:00:00+02:00,EUR/USD,1.18841,1.18852,1.18758,1.18846,6762,2026-04-28T05:21:32.785156+02:00
2021-07-29T16:00:00+02:00,EUR/USD,1.18848,1.18893,1.18771,1.18858,6933,2026-04-28T05:21:32.785156+02:00
2021-07-29T17:00:00+02:00,EUR/USD,1.18857,1.18911,1.18817,1.18858,4599,2026-04-28T05:21:32.785156+02:00
2021-07-29T18:00:00+02:00,EUR/USD,1.18858,1.1886,1.18785,1.18848,2448,2026-04-28T05:21:32.785156+02:00
2021-07-29T19:00:00+02:00,EUR/USD,1.18846,1.18878,1.188,1.1887,2235,2026-04-28T05:21:32.785156+02:00
2021-07-29T20:00:00+02:00,EUR/USD,1.1887,1.18914,1.18859,1.18914,1747,2026-04-28T05:21:32.785156+02:00
2021-07-29T21:00:00+02:00,EUR/USD,1.18913,1.18928,1.18873,1.18881,2042,2026-04-28T05:21:32.785156+02:00
2021-07-29T22:00:00+02:00,EUR/USD,1.18882,1.1889,1.18848,1.1887,1274,2026-04-28T05:21:32.785156+02:00
2021-07-29T23:00:00+02:00,EUR/USD,1.18885,1.18898,1.18823,1.18886,104,2026-04-28T05:21:32.785156+02:00
2021-07-30T00:00:00+02:00,EUR/USD,1.18874,1.18912,1.18866,1.18906,380,2026-04-28T05:21:32.785156+02:00
2021-07-30T01:00:00+02:00,EUR/USD,1.18908,1.18944,1.18897,1.18904,513,2026-04-28T05:21:32.785156+02:00
2021-07-30T02:00:00+02:00,EUR/USD,1.18902,1.18919,1.18814,1.18816,2261,2026-04-28T05:21:32.785156+02:00
2021-07-30T03:00:00+02:00,EUR/USD,1.18818,1.18846,1.18793,1.18823,1632,2026-04-28T05:21:32.785156+02:00
2021-07-30T04:00:00+02:00,EUR/USD,1.18825,1.18846,1.18788,1.18808,1784,2026-04-28T05:21:32.785156+02:00
2021-07-30T05:00:00+02:00,EUR/USD,1.18807,1.18833,1.18776,1.18785,1271,2026-04-28T05:21:32.785156+02:00
2021-07-30T06:00:00+02:00,EUR/USD,1.18784,1.18814,1.18776,1.18785,700,2026-04-28T05:21:32.785156+02:00
2021-07-30T07:00:00+02:00,EUR/USD,1.18784,1.18798,1.18753,1.18784,1283,2026-04-28T05:21:32.785156+02:00
2021-07-30T08:00:00+02:00,EUR/USD,1.18787,1.1886,1.1875,1.18858,3219,2026-04-28T05:21:32.785156+02:00
2021-07-30T09:00:00+02:00,EUR/USD,1.18856,1.18956,1.18842,1.18954,4422,2026-04-28T05:21:32.785156+02:00
2021-07-30T10:00:00+02:00,EUR/USD,1.18954,1.1908,1.1893,1.19067,3516,2026-04-28T05:21:32.785156+02:00
2021-07-30T11:00:00+02:00,EUR/USD,1.19068,1.19088,1.18958,1.1897,3964,2026-04-28T05:21:32.785156+02:00
2021-07-30T12:00:00+02:00,EUR/USD,1.18972,1.19032,1.18843,1.19012,5288,2026-04-28T05:21:32.785156+02:00
2021-07-30T13:00:00+02:00,EUR/USD,1.1901,1.19048,1.18822,1.18836,5579,2026-04-28T05:21:32.785156+02:00
2021-07-30T14:00:00+02:00,EUR/USD,1.18834,1.18974,1.18774,1.18792,5210,2026-04-28T05:21:32.785156+02:00
2021-07-30T15:00:00+02:00,EUR/USD,1.18793,1.18866,1.18749,1.18782,7048,2026-04-28T05:21:32.785156+02:00
2021-07-30T16:00:00+02:00,EUR/USD,1.18782,1.18828,1.18516,1.1859,11139,2026-04-28T05:21:32.785156+02:00
2021-07-30T17:00:00+02:00,EUR/USD,1.18589,1.18658,1.18554,1.18642,6797,2026-04-28T05:21:32.785156+02:00
2021-07-30T18:00:00+02:00,EUR/USD,1.1864,1.1864,1.18586,1.1859,3206,2026-04-28T05:21:32.785156+02:00
2021-07-30T19:00:00+02:00,EUR/USD,1.18592,1.18628,1.18555,1.18614,2662,2026-04-28T05:21:32.785156+02:00
2021-07-30T20:00:00+02:00,EUR/USD,1.18615,1.18629,1.18538,1.18562,2648,2026-04-28T05:21:32.785156+02:00
2021-07-30T21:00:00+02:00,EUR/USD,1.18561,1.18642,1.18548,1.18622,2220,2026-04-28T05:21:32.785156+02:00
2021-07-30T22:00:00+02:00,EUR/USD,1.18621,1.18768,1.18604,1.18671,1820,2026-04-28T05:21:32.785156+02:00
2021-08-01T23:00:00+02:00,EUR/USD,1.1866,1.18702,1.18655,1.18655,47,2026-04-28T05:21:32.785156+02:00
2021-08-02T00:00:00+02:00,EUR/USD,1.18659,1.18697,1.18634,1.18683,388,2026-04-28T05:21:32.785156+02:00
2021-08-02T01:00:00+02:00,EUR/USD,1.18684,1.18684,1.18624,1.18662,327,2026-04-28T05:21:32.785156+02:00
2021-08-02T02:00:00+02:00,EUR/USD,1.1866,1.18712,1.18626,1.18691,1476,2026-04-28T05:21:32.785156+02:00
2021-08-02T03:00:00+02:00,EUR/USD,1.18692,1.187,1.1861,1.18634,1593,2026-04-28T05:21:32.785156+02:00
2021-08-02T04:00:00+02:00,EUR/USD,1.18634,1.18716,1.1859,1.18714,1479,2026-04-28T05:21:32.785156+02:00
2021-08-02T05:00:00+02:00,EUR/USD,1.18716,1.18729,1.18691,1.18714,525,2026-04-28T05:21:32.785156+02:00
2021-08-02T06:00:00+02:00,EUR/USD,1.18716,1.18736,1.18704,1.18706,526,2026-04-28T05:21:32.785156+02:00
2021-08-02T07:00:00+02:00,EUR/USD,1.18705,1.18754,1.18662,1.18721,1176,2026-04-28T05:21:32.785156+02:00
2021-08-02T08:00:00+02:00,EUR/USD,1.18721,1.18842,1.18643,1.18826,4347,2026-04-28T05:21:32.785156+02:00
2021-08-02T09:00:00+02:00,EUR/USD,1.18828,1.18874,1.18787,1.18814,4230,2026-04-28T05:21:32.785156+02:00
2021-08-02T10:00:00+02:00,EUR/USD,1.18815,1.18886,1.18784,1.18848,3527,2026-04-28T05:21:32.785156+02:00
2021-08-02T11:00:00+02:00,EUR/USD,1.18849,1.18958,1.18813,1.18955,3136,2026-04-28T05:21:32.785156+02:00
2021-08-02T12:00:00+02:00,EUR/USD,1.18956,1.18971,1.18868,1.18908,3091,2026-04-28T05:21:32.785156+02:00
2021-08-02T13:00:00+02:00,EUR/USD,1.18908,1.1893,1.18807,1.18899,3388,2026-04-28T05:21:32.785156+02:00
2021-08-02T14:00:00+02:00,EUR/USD,1.189,1.18905,1.18715,1.1873,5181,2026-04-28T05:21:32.785156+02:00
2021-08-02T15:00:00+02:00,EUR/USD,1.1873,1.18879,1.18726,1.18808,5682,2026-04-28T05:21:32.785156+02:00
2021-08-02T16:00:00+02:00,EUR/USD,1.18808,1.18892,1.1876,1.18786,8915,2026-04-28T05:21:32.785156+02:00
2021-08-02T17:00:00+02:00,EUR/USD,1.18787,1.1886,1.18723,1.1873,4949,2026-04-28T05:21:32.785156+02:00
2021-08-02T18:00:00+02:00,EUR/USD,1.18728,1.18734,1.18666,1.18696,3949,2026-04-28T05:21:32.785156+02:00
2021-08-02T19:00:00+02:00,EUR/USD,1.18698,1.187,1.18652,1.18682,2296,2026-04-28T05:21:32.785156+02:00
2021-08-02T20:00:00+02:00,EUR/USD,1.18684,1.1874,1.18672,1.18738,1663,2026-04-28T05:21:32.785156+02:00
2021-08-02T21:00:00+02:00,EUR/USD,1.1874,1.1875,1.18662,1.1871,1957,2026-04-28T05:21:32.785156+02:00
2021-08-02T22:00:00+02:00,EUR/USD,1.18712,1.18729,1.18688,1.1872,875,2026-04-28T05:21:32.785156+02:00
2021-08-02T23:00:00+02:00,EUR/USD,1.18694,1.18742,1.1869,1.18716,51,2026-04-28T05:21:32.785156+02:00
2021-08-03T00:00:00+02:00,EUR/USD,1.18711,1.18761,1.18708,1.18739,326,2026-04-28T05:21:32.785156+02:00
2021-08-03T01:00:00+02:00,EUR/USD,1.1874,1.1875,1.18722,1.18741,372,2026-04-28T05:21:32.785156+02:00
2021-08-03T02:00:00+02:00,EUR/USD,1.18742,1.18786,1.18704,1.18718,1126,2026-04-28T05:21:32.785156+02:00
2021-08-03T03:00:00+02:00,EUR/USD,1.1872,1.18762,1.18682,1.18749,1564,2026-04-28T05:21:32.785156+02:00
2021-08-03T04:00:00+02:00,EUR/USD,1.1875,1.1877,1.18702,1.18709,1559,2026-04-28T05:21:32.785156+02:00
2021-08-03T05:00:00+02:00,EUR/USD,1.18708,1.18758,1.18704,1.18746,1070,2026-04-28T05:21:32.785156+02:00
2021-08-03T06:00:00+02:00,EUR/USD,1.18746,1.18826,1.18744,1.18802,2464,2026-04-28T05:21:32.785156+02:00
2021-08-03T07:00:00+02:00,EUR/USD,1.18804,1.18818,1.18726,1.1875,1477,2026-04-28T05:21:32.785156+02:00
2021-08-03T08:00:00+02:00,EUR/USD,1.18748,1.18793,1.18711,1.1873,3884,2026-04-28T05:21:32.785156+02:00
2021-08-03T09:00:00+02:00,EUR/USD,1.1873,1.1884,1.18726,1.18783,5183,2026-04-28T05:21:32.785156+02:00
2021-08-03T10:00:00+02:00,EUR/USD,1.18784,1.18854,1.18738,1.18839,3731,2026-04-28T05:21:32.785156+02:00
2021-08-03T11:00:00+02:00,EUR/USD,1.18838,1.18868,1.1879,1.18848,2839,2026-04-28T05:21:32.785156+02:00
2021-08-03T12:00:00+02:00,EUR/USD,1.18846,1.18922,1.18814,1.18878,3036,2026-04-28T05:21:32.785156+02:00
2021-08-03T13:00:00+02:00,EUR/USD,1.18879,1.18934,1.18848,1.18926,3060,2026-04-28T05:21:32.785156+02:00
2021-08-03T14:00:00+02:00,EUR/USD,1.18927,1.18927,1.18804,1.1886,4957,2026-04-28T05:21:32.785156+02:00
2021-08-03T15:00:00+02:00,EUR/USD,1.18862,1.18876,1.18616,1.18694,8132,2026-04-28T05:21:32.785156+02:00
2021-08-03T16:00:00+02:00,EUR/USD,1.18692,1.18759,1.18579,1.1859,7729,2026-04-28T05:21:32.785156+02:00
2021-08-03T17:00:00+02:00,EUR/USD,1.18588,1.18638,1.18536,1.18587,4203,2026-04-28T05:21:32.785156+02:00
2021-08-03T18:00:00+02:00,EUR/USD,1.18586,1.18689,1.18579,1.18684,2812,2026-04-28T05:21:32.785156+02:00
2021-08-03T19:00:00+02:00,EUR/USD,1.18686,1.187,1.18612,1.18637,1859,2026-04-28T05:21:32.785156+02:00
2021-08-03T20:00:00+02:00,EUR/USD,1.18638,1.18662,1.18616,1.18626,1357,2026-04-28T05:21:32.785156+02:00
2021-08-03T21:00:00+02:00,EUR/USD,1.18628,1.18678,1.18628,1.18661,1119,2026-04-28T05:21:32.785156+02:00
2021-08-03T22:00:00+02:00,EUR/USD,1.18662,1.18664,1.18613,1.18649,733,2026-04-28T05:21:32.785156+02:00
2021-08-03T23:00:00+02:00,EUR/USD,1.18641,1.18641,1.18606,1.18634,74,2026-04-28T05:21:32.785156+02:00
2021-08-04T00:00:00+02:00,EUR/USD,1.18638,1.18696,1.1863,1.18695,403,2026-04-28T05:21:32.785156+02:00
2021-08-04T01:00:00+02:00,EUR/USD,1.18694,1.18703,1.18676,1.18696,353,2026-04-28T05:21:32.785156+02:00
2021-08-04T02:00:00+02:00,EUR/USD,1.18694,1.18694,1.18606,1.1862,1554,2026-04-28T05:21:32.785156+02:00
2021-08-04T03:00:00+02:00,EUR/USD,1.18621,1.18713,1.18618,1.18705,1501,2026-04-28T05:21:32.785156+02:00
2021-08-04T04:00:00+02:00,EUR/USD,1.18707,1.18738,1.18662,1.18734,1527,2026-04-28T05:21:32.785156+02:00
2021-08-04T05:00:00+02:00,EUR/USD,1.18735,1.18756,1.18726,1.18736,822,2026-04-28T05:21:32.785156+02:00
2021-08-04T06:00:00+02:00,EUR/USD,1.18736,1.18742,1.18696,1.18715,671,2026-04-28T05:21:32.785156+02:00
2021-08-04T07:00:00+02:00,EUR/USD,1.18716,1.18758,1.18694,1.18719,988,2026-04-28T05:21:32.785156+02:00
2021-08-04T08:00:00+02:00,EUR/USD,1.18718,1.18797,1.18688,1.18788,2472,2026-04-28T05:21:32.785156+02:00
2021-08-04T09:00:00+02:00,EUR/USD,1.18789,1.18799,1.18692,1.1877,3356,2026-04-28T05:21:32.785156+02:00
2021-08-04T10:00:00+02:00,EUR/USD,1.18768,1.18774,1.1842,1.18509,5235,2026-04-28T05:21:32.785156+02:00
2021-08-04T11:00:00+02:00,EUR/USD,1.18508,1.1859,1.18482,1.1859,2267,2026-04-28T05:21:32.785156+02:00
2021-08-04T12:00:00+02:00,EUR/USD,1.18588,1.18606,1.18544,1.18563,2205,2026-04-28T05:21:32.785156+02:00
2021-08-04T13:00:00+02:00,EUR/USD,1.18564,1.1866,1.18534,1.18636,3412,2026-04-28T05:21:32.785156+02:00
2021-08-04T14:00:00+02:00,EUR/USD,1.18634,1.18898,1.18602,1.18891,8169,2026-04-28T05:21:32.785156+02:00
2021-08-04T15:00:00+02:00,EUR/USD,1.18892,1.18998,1.18866,1.18927,5513,2026-04-28T05:21:32.785156+02:00
2021-08-04T16:00:00+02:00,EUR/USD,1.18926,1.18931,1.18364,1.18432,15520,2026-04-28T05:21:32.785156+02:00
2021-08-04T17:00:00+02:00,EUR/USD,1.18431,1.18476,1.18328,1.18422,6953,2026-04-28T05:21:32.785156+02:00
2021-08-04T18:00:00+02:00,EUR/USD,1.18423,1.18428,1.18352,1.1838,3404,2026-04-28T05:21:32.785156+02:00
2021-08-04T19:00:00+02:00,EUR/USD,1.18381,1.18418,1.18355,1.18394,2178,2026-04-28T05:21:32.785156+02:00
2021-08-04T20:00:00+02:00,EUR/USD,1.18395,1.18426,1.18356,1.18388,2155,2026-04-28T05:21:32.785156+02:00
2021-08-04T21:00:00+02:00,EUR/USD,1.1839,1.18412,1.18362,1.18379,1724,2026-04-28T05:21:32.785156+02:00
2021-08-04T22:00:00+02:00,EUR/USD,1.1838,1.18394,1.18355,1.18368,1105,2026-04-28T05:21:32.785156+02:00
2021-08-04T23:00:00+02:00,EUR/USD,1.1837,1.18375,1.18338,1.18366,143,2026-04-28T05:21:32.785156+02:00
2021-08-05T00:00:00+02:00,EUR/USD,1.18368,1.18395,1.18364,1.18383,394,2026-04-28T05:21:32.785156+02:00
2021-08-05T01:00:00+02:00,EUR/USD,1.18384,1.18389,1.1837,1.18376,182,2026-04-28T05:21:32.785156+02:00
2021-08-05T02:00:00+02:00,EUR/USD,1.18375,1.18388,1.18316,1.1832,1239,2026-04-28T05:21:32.785156+02:00
2021-08-05T03:00:00+02:00,EUR/USD,1.18322,1.18392,1.18317,1.1836,1327,2026-04-28T05:21:32.785156+02:00
2021-08-05T04:00:00+02:00,EUR/USD,1.18358,1.18371,1.18322,1.1836,1209,2026-04-28T05:21:32.785156+02:00
2021-08-05T05:00:00+02:00,EUR/USD,1.18359,1.18371,1.18328,1.18341,981,2026-04-28T05:21:32.785156+02:00
2021-08-05T06:00:00+02:00,EUR/USD,1.18342,1.18372,1.18338,1.18363,702,2026-04-28T05:21:32.785156+02:00
2021-08-05T07:00:00+02:00,EUR/USD,1.18362,1.18384,1.18341,1.18366,839,2026-04-28T05:21:32.785156+02:00
2021-08-05T08:00:00+02:00,EUR/USD,1.18366,1.18398,1.18302,1.18379,3443,2026-04-28T05:21:32.785156+02:00
2021-08-05T09:00:00+02:00,EUR/USD,1.18378,1.18498,1.1836,1.1849,4740,2026-04-28T05:21:32.785156+02:00
2021-08-05T10:00:00+02:00,EUR/USD,1.18488,1.18496,1.18298,1.18372,4061,2026-04-28T05:21:32.785156+02:00
2021-08-05T11:00:00+02:00,EUR/USD,1.18371,1.18432,1.1828,1.18324,3698,2026-04-28T05:21:32.785156+02:00
2021-08-05T12:00:00+02:00,EUR/USD,1.18326,1.18469,1.18326,1.18462,4081,2026-04-28T05:21:32.785156+02:00
2021-08-05T13:00:00+02:00,EUR/USD,1.1846,1.1857,1.18426,1.18554,6850,2026-04-28T05:21:32.785156+02:00
2021-08-05T14:00:00+02:00,EUR/USD,1.18552,1.18574,1.18334,1.18358,6813,2026-04-28T05:21:32.785156+02:00
2021-08-05T15:00:00+02:00,EUR/USD,1.1836,1.18478,1.1832,1.18384,6848,2026-04-28T05:21:32.785156+02:00
2021-08-05T16:00:00+02:00,EUR/USD,1.18384,1.18514,1.18339,1.18391,7865,2026-04-28T05:21:32.785156+02:00
2021-08-05T17:00:00+02:00,EUR/USD,1.18392,1.18462,1.18344,1.18373,3907,2026-04-28T05:21:32.785156+02:00
2021-08-05T18:00:00+02:00,EUR/USD,1.18374,1.18417,1.18356,1.18388,2067,2026-04-28T05:21:32.785156+02:00
2021-08-05T19:00:00+02:00,EUR/USD,1.1839,1.184,1.18316,1.18356,1775,2026-04-28T05:21:32.785156+02:00
2021-08-05T20:00:00+02:00,EUR/USD,1.18354,1.18388,1.18312,1.18358,1639,2026-04-28T05:21:32.785156+02:00
2021-08-05T21:00:00+02:00,EUR/USD,1.18359,1.1837,1.18311,1.1836,1823,2026-04-28T05:21:32.785156+02:00
2021-08-05T22:00:00+02:00,EUR/USD,1.18361,1.18361,1.18308,1.18324,1087,2026-04-28T05:21:32.785156+02:00
2021-08-05T23:00:00+02:00,EUR/USD,1.18346,1.18359,1.18324,1.18343,65,2026-04-28T05:21:32.785156+02:00
2021-08-06T00:00:00+02:00,EUR/USD,1.18348,1.18355,1.18316,1.18324,245,2026-04-28T05:21:32.785156+02:00
2021-08-06T01:00:00+02:00,EUR/USD,1.18322,1.18344,1.1832,1.18333,295,2026-04-28T05:21:32.785156+02:00
2021-08-06T02:00:00+02:00,EUR/USD,1.18332,1.18335,1.18251,1.18254,760,2026-04-28T05:21:32.785156+02:00
2021-08-06T03:00:00+02:00,EUR/USD,1.18256,1.18279,1.1824,1.1826,893,2026-04-28T05:21:32.785156+02:00
2021-08-06T04:00:00+02:00,EUR/USD,1.18262,1.18266,1.182,1.18215,1049,2026-04-28T05:21:32.785156+02:00
2021-08-06T05:00:00+02:00,EUR/USD,1.18214,1.18248,1.18186,1.18233,635,2026-04-28T05:21:32.785156+02:00
2021-08-06T06:00:00+02:00,EUR/USD,1.18232,1.18259,1.18196,1.18255,655,2026-04-28T05:21:32.785156+02:00
2021-08-06T07:00:00+02:00,EUR/USD,1.18256,1.1827,1.18228,1.18248,937,2026-04-28T05:21:32.785156+02:00
2021-08-06T08:00:00+02:00,EUR/USD,1.18245,1.18295,1.18218,1.18281,2692,2026-04-28T05:21:32.785156+02:00
2021-08-06T09:00:00+02:00,EUR/USD,1.18282,1.18299,1.18192,1.18242,4843,2026-04-28T05:21:32.785156+02:00
2021-08-06T10:00:00+02:00,EUR/USD,1.18241,1.18246,1.18074,1.1811,4469,2026-04-28T05:21:32.785156+02:00
2021-08-06T11:00:00+02:00,EUR/USD,1.18112,1.18128,1.1805,1.181,2794,2026-04-28T05:21:32.785156+02:00
2021-08-06T12:00:00+02:00,EUR/USD,1.18098,1.18127,1.18044,1.18048,2819,2026-04-28T05:21:32.785156+02:00
2021-08-06T13:00:00+02:00,EUR/USD,1.18048,1.18083,1.18006,1.18071,2748,2026-04-28T05:21:32.785156+02:00
2021-08-06T14:00:00+02:00,EUR/USD,1.18072,1.18087,1.17764,1.17844,17131,2026-04-28T05:21:32.785156+02:00
2021-08-06T15:00:00+02:00,EUR/USD,1.17842,1.17883,1.17676,1.17741,11429,2026-04-28T05:21:32.785156+02:00
2021-08-06T16:00:00+02:00,EUR/USD,1.1774,1.17756,1.1755,1.17613,8169,2026-04-28T05:21:32.785156+02:00
2021-08-06T17:00:00+02:00,EUR/USD,1.17612,1.17662,1.17578,1.17604,4805,2026-04-28T05:21:32.785156+02:00
2021-08-06T18:00:00+02:00,EUR/USD,1.17605,1.17616,1.17544,1.17562,2086,2026-04-28T05:21:32.785156+02:00
2021-08-06T19:00:00+02:00,EUR/USD,1.1756,1.17612,1.1756,1.17601,1861,2026-04-28T05:21:32.785156+02:00
2021-08-06T20:00:00+02:00,EUR/USD,1.17603,1.17636,1.1757,1.17572,1375,2026-04-28T05:21:32.785156+02:00
2021-08-06T21:00:00+02:00,EUR/USD,1.17574,1.17614,1.17573,1.17595,1270,2026-04-28T05:21:32.785156+02:00
2021-08-06T22:00:00+02:00,EUR/USD,1.17597,1.17646,1.17565,1.17616,1203,2026-04-28T05:21:32.785156+02:00
2021-08-08T23:00:00+02:00,EUR/USD,1.17643,1.17643,1.17595,1.17595,26,2026-04-28T05:21:32.785156+02:00
2021-08-09T00:00:00+02:00,EUR/USD,1.176,1.17622,1.17508,1.17544,1462,2026-04-28T05:21:32.785156+02:00
2021-08-09T01:00:00+02:00,EUR/USD,1.17546,1.17552,1.17425,1.17478,1971,2026-04-28T05:21:32.785156+02:00
2021-08-09T02:00:00+02:00,EUR/USD,1.17479,1.17508,1.17426,1.17508,1837,2026-04-28T05:21:32.785156+02:00
2021-08-09T03:00:00+02:00,EUR/USD,1.17509,1.17586,1.17508,1.1754,1806,2026-04-28T05:21:32.785156+02:00
2021-08-09T04:00:00+02:00,EUR/USD,1.17538,1.17609,1.17532,1.17602,900,2026-04-28T05:21:32.785156+02:00
2021-08-09T05:00:00+02:00,EUR/USD,1.17601,1.17609,1.1758,1.17592,689,2026-04-28T05:21:32.785156+02:00
2021-08-09T06:00:00+02:00,EUR/USD,1.1759,1.17638,1.17577,1.17633,577,2026-04-28T05:21:32.785156+02:00
2021-08-09T07:00:00+02:00,EUR/USD,1.17632,1.17647,1.17579,1.17582,1014,2026-04-28T05:21:32.785156+02:00
2021-08-09T08:00:00+02:00,EUR/USD,1.1758,1.17666,1.17565,1.1759,3935,2026-04-28T05:21:32.785156+02:00
2021-08-09T09:00:00+02:00,EUR/USD,1.17588,1.17656,1.17547,1.17578,4753,2026-04-28T05:21:32.785156+02:00
2021-08-09T10:00:00+02:00,EUR/USD,1.17578,1.17643,1.17501,1.17548,4469,2026-04-28T05:21:32.785156+02:00
2021-08-09T11:00:00+02:00,EUR/USD,1.17549,1.1763,1.17526,1.17613,3920,2026-04-28T05:21:32.785156+02:00
2021-08-09T12:00:00+02:00,EUR/USD,1.17615,1.17632,1.17519,1.17536,3106,2026-04-28T05:21:32.785156+02:00
2021-08-09T13:00:00+02:00,EUR/USD,1.17536,1.17656,1.17526,1.17628,3971,2026-04-28T05:21:32.785156+02:00
2021-08-09T14:00:00+02:00,EUR/USD,1.17627,1.1769,1.17591,1.1761,4490,2026-04-28T05:21:32.785156+02:00
2021-08-09T15:00:00+02:00,EUR/USD,1.17609,1.1767,1.17564,1.17613,6310,2026-04-28T05:21:32.785156+02:00
2021-08-09T16:00:00+02:00,EUR/USD,1.17615,1.1764,1.17437,1.17444,6148,2026-04-28T05:21:32.785156+02:00
2021-08-09T17:00:00+02:00,EUR/USD,1.17442,1.17536,1.17406,1.17483,4471,2026-04-28T05:21:32.785156+02:00
2021-08-09T18:00:00+02:00,EUR/USD,1.17482,1.17488,1.17406,1.17422,2239,2026-04-28T05:21:32.785156+02:00
2021-08-09T19:00:00+02:00,EUR/USD,1.17421,1.17448,1.17374,1.17434,1988,2026-04-28T05:21:32.785156+02:00
2021-08-09T20:00:00+02:00,EUR/USD,1.17436,1.17487,1.17401,1.17404,1756,2026-04-28T05:21:32.785156+02:00
2021-08-09T21:00:00+02:00,EUR/USD,1.17406,1.1742,1.17348,1.17352,1375,2026-04-28T05:21:32.785156+02:00
2021-08-09T22:00:00+02:00,EUR/USD,1.17352,1.17378,1.1735,1.17358,1121,2026-04-28T05:21:32.785156+02:00
2021-08-09T23:00:00+02:00,EUR/USD,1.17366,1.17389,1.17352,1.17385,119,2026-04-28T05:21:32.785156+02:00
2021-08-10T00:00:00+02:00,EUR/USD,1.17388,1.17388,1.17362,1.17372,233,2026-04-28T05:21:32.785156+02:00
2021-08-10T01:00:00+02:00,EUR/USD,1.1737,1.17376,1.17352,1.17362,277,2026-04-28T05:21:32.785156+02:00
2021-08-10T02:00:00+02:00,EUR/USD,1.1736,1.17382,1.17324,1.17376,1779,2026-04-28T05:21:32.785156+02:00
2021-08-10T03:00:00+02:00,EUR/USD,1.17378,1.17394,1.17321,1.1733,1887,2026-04-28T05:21:32.785156+02:00
2021-08-10T04:00:00+02:00,EUR/USD,1.17328,1.17392,1.17322,1.17382,1385,2026-04-28T05:21:32.785156+02:00
2021-08-10T05:00:00+02:00,EUR/USD,1.1738,1.174,1.17361,1.17391,1302,2026-04-28T05:21:32.785156+02:00
2021-08-10T06:00:00+02:00,EUR/USD,1.1739,1.17396,1.17359,1.17384,697,2026-04-28T05:21:32.785156+02:00
2021-08-10T07:00:00+02:00,EUR/USD,1.17383,1.17418,1.17372,1.17374,1072,2026-04-28T05:21:32.785156+02:00
2021-08-10T08:00:00+02:00,EUR/USD,1.17376,1.17428,1.17327,1.17388,4540,2026-04-28T05:21:32.785156+02:00
2021-08-10T09:00:00+02:00,EUR/USD,1.17386,1.17408,1.17262,1.17316,5033,2026-04-28T05:21:32.785156+02:00
2021-08-10T10:00:00+02:00,EUR/USD,1.17318,1.17392,1.17278,1.1732,4521,2026-04-28T05:21:32.785156+02:00
2021-08-10T11:00:00+02:00,EUR/USD,1.17319,1.17319,1.17223,1.17237,4846,2026-04-28T05:21:32.785156+02:00
2021-08-10T12:00:00+02:00,EUR/USD,1.17236,1.17281,1.17162,1.17264,3882,2026-04-28T05:21:32.785156+02:00
2021-08-10T13:00:00+02:00,EUR/USD,1.17266,1.17276,1.17178,1.17224,4253,2026-04-28T05:21:32.785156+02:00
2021-08-10T14:00:00+02:00,EUR/USD,1.17225,1.17251,1.1716,1.17162,4644,2026-04-28T05:21:32.785156+02:00
2021-08-10T15:00:00+02:00,EUR/USD,1.1716,1.17203,1.17108,1.17164,6582,2026-04-28T05:21:32.785156+02:00
2021-08-10T16:00:00+02:00,EUR/USD,1.17163,1.1722,1.17094,1.172,8711,2026-04-28T05:21:32.785156+02:00
2021-08-10T17:00:00+02:00,EUR/USD,1.17197,1.17248,1.17174,1.17206,4383,2026-04-28T05:21:32.785156+02:00
2021-08-10T18:00:00+02:00,EUR/USD,1.17205,1.1722,1.17156,1.17158,3050,2026-04-28T05:21:32.785156+02:00
2021-08-10T19:00:00+02:00,EUR/USD,1.17159,1.17192,1.17144,1.17184,2193,2026-04-28T05:21:32.785156+02:00
2021-08-10T20:00:00+02:00,EUR/USD,1.17184,1.17237,1.17174,1.17226,1961,2026-04-28T05:21:32.785156+02:00
2021-08-10T21:00:00+02:00,EUR/USD,1.17224,1.17226,1.17177,1.17186,1281,2026-04-28T05:21:32.785156+02:00
2021-08-10T22:00:00+02:00,EUR/USD,1.17188,1.17212,1.17168,1.17206,1131,2026-04-28T05:21:32.785156+02:00
2021-08-10T23:00:00+02:00,EUR/USD,1.17198,1.17208,1.17186,1.17193,37,2026-04-28T05:21:32.785156+02:00
2021-08-11T00:00:00+02:00,EUR/USD,1.17186,1.17218,1.17186,1.17216,465,2026-04-28T05:21:32.785156+02:00
2021-08-11T01:00:00+02:00,EUR/USD,1.17218,1.17222,1.17194,1.17196,575,2026-04-28T05:21:32.785156+02:00
2021-08-11T02:00:00+02:00,EUR/USD,1.17198,1.172,1.1713,1.17132,976,2026-04-28T05:21:32.785156+02:00
2021-08-11T03:00:00+02:00,EUR/USD,1.1713,1.17213,1.17118,1.17212,1190,2026-04-28T05:21:32.785156+02:00
2021-08-11T04:00:00+02:00,EUR/USD,1.17211,1.17254,1.17196,1.17252,1131,2026-04-28T05:21:32.785156+02:00
2021-08-11T05:00:00+02:00,EUR/USD,1.17251,1.17256,1.17179,1.17186,909,2026-04-28T05:21:32.785156+02:00
2021-08-11T06:00:00+02:00,EUR/USD,1.17184,1.17206,1.17172,1.17182,555,2026-04-28T05:21:32.785156+02:00
2021-08-11T07:00:00+02:00,EUR/USD,1.17184,1.17213,1.17154,1.17174,919,2026-04-28T05:21:32.785156+02:00
2021-08-11T08:00:00+02:00,EUR/USD,1.17172,1.17178,1.17074,1.17094,4235,2026-04-28T05:21:32.785156+02:00
2021-08-11T09:00:00+02:00,EUR/USD,1.17092,1.17148,1.1706,1.17128,4478,2026-04-28T05:21:32.785156+02:00
2021-08-11T10:00:00+02:00,EUR/USD,1.17126,1.17185,1.17092,1.17126,3323,2026-04-28T05:21:32.785156+02:00
2021-08-11T11:00:00+02:00,EUR/USD,1.17127,1.17166,1.17098,1.17107,2876,2026-04-28T05:21:32.785156+02:00
2021-08-11T12:00:00+02:00,EUR/USD,1.17106,1.17169,1.17086,1.17146,2886,2026-04-28T05:21:32.785156+02:00
2021-08-11T13:00:00+02:00,EUR/USD,1.17144,1.1718,1.17098,1.17156,2835,2026-04-28T05:21:32.785156+02:00
2021-08-11T14:00:00+02:00,EUR/USD,1.17158,1.17494,1.17131,1.17368,13277,2026-04-28T05:21:32.785156+02:00
2021-08-11T15:00:00+02:00,EUR/USD,1.17368,1.17469,1.17258,1.17342,11898,2026-04-28T05:21:32.785156+02:00
2021-08-11T16:00:00+02:00,EUR/USD,1.17342,1.17411,1.17292,1.17392,6524,2026-04-28T05:21:32.785156+02:00
2021-08-11T17:00:00+02:00,EUR/USD,1.1739,1.17418,1.17331,1.17369,3391,2026-04-28T05:21:32.785156+02:00
2021-08-11T18:00:00+02:00,EUR/USD,1.17368,1.17486,1.17341,1.17484,2495,2026-04-28T05:21:32.785156+02:00
2021-08-11T19:00:00+02:00,EUR/USD,1.17485,1.1754,1.17442,1.17473,5646,2026-04-28T05:21:32.785156+02:00
2021-08-11T20:00:00+02:00,EUR/USD,1.17474,1.1748,1.17383,1.17385,2172,2026-04-28T05:21:32.785156+02:00
2021-08-11T21:00:00+02:00,EUR/USD,1.17386,1.17425,1.1738,1.17423,1440,2026-04-28T05:21:32.785156+02:00
2021-08-11T22:00:00+02:00,EUR/USD,1.17422,1.17424,1.1739,1.17395,880,2026-04-28T05:21:32.785156+02:00
2021-08-11T23:00:00+02:00,EUR/USD,1.17392,1.17426,1.17382,1.17416,92,2026-04-28T05:21:32.785156+02:00
2021-08-12T00:00:00+02:00,EUR/USD,1.17424,1.17429,1.17388,1.17418,282,2026-04-28T05:21:32.785156+02:00
2021-08-12T01:00:00+02:00,EUR/USD,1.17417,1.17424,1.17395,1.17418,354,2026-04-28T05:21:32.785156+02:00
2021-08-12T02:00:00+02:00,EUR/USD,1.17416,1.17449,1.17377,1.17404,1029,2026-04-28T05:21:32.785156+02:00
2021-08-12T03:00:00+02:00,EUR/USD,1.17402,1.17415,1.17376,1.174,1588,2026-04-28T05:21:32.785156+02:00
2021-08-12T04:00:00+02:00,EUR/USD,1.17399,1.17418,1.17345,1.17392,1210,2026-04-28T05:21:32.785156+02:00
2021-08-12T05:00:00+02:00,EUR/USD,1.17394,1.1745,1.17393,1.17444,953,2026-04-28T05:21:32.785156+02:00
2021-08-12T06:00:00+02:00,EUR/USD,1.17446,1.17459,1.17392,1.174,735,2026-04-28T05:21:32.785156+02:00
2021-08-12T07:00:00+02:00,EUR/USD,1.17401,1.17453,1.17398,1.17415,963,2026-04-28T05:21:32.785156+02:00
2021-08-12T08:00:00+02:00,EUR/USD,1.17414,1.17446,1.1735,1.17358,3780,2026-04-28T05:21:32.785156+02:00
2021-08-12T09:00:00+02:00,EUR/USD,1.17356,1.17432,1.17328,1.17418,4635,2026-04-28T05:21:32.785156+02:00
2021-08-12T10:00:00+02:00,EUR/USD,1.1742,1.17483,1.17373,1.17466,3596,2026-04-28T05:21:32.785156+02:00
2021-08-12T11:00:00+02:00,EUR/USD,1.17468,1.17474,1.1741,1.17417,2723,2026-04-28T05:21:32.785156+02:00
2021-08-12T12:00:00+02:00,EUR/USD,1.17418,1.17424,1.1734,1.17358,2829,2026-04-28T05:21:32.785156+02:00
2021-08-12T13:00:00+02:00,EUR/USD,1.17357,1.17404,1.17323,1.17384,2815,2026-04-28T05:21:32.785156+02:00
2021-08-12T14:00:00+02:00,EUR/USD,1.17382,1.17414,1.17273,1.174,7079,2026-04-28T05:21:32.785156+02:00
2021-08-12T15:00:00+02:00,EUR/USD,1.17398,1.174,1.17238,1.17292,6964,2026-04-28T05:21:32.785156+02:00
2021-08-12T16:00:00+02:00,EUR/USD,1.17294,1.17348,1.17237,1.17296,5136,2026-04-28T05:21:32.785156+02:00
2021-08-12T17:00:00+02:00,EUR/USD,1.17298,1.17362,1.17269,1.1735,3251,2026-04-28T05:21:32.785156+02:00
2021-08-12T18:00:00+02:00,EUR/USD,1.1735,1.17426,1.1734,1.17382,2424,2026-04-28T05:21:32.785156+02:00
2021-08-12T19:00:00+02:00,EUR/USD,1.1738,1.17427,1.17345,1.17381,2435,2026-04-28T05:21:32.785156+02:00
2021-08-12T20:00:00+02:00,EUR/USD,1.1738,1.17388,1.17299,1.17302,1920,2026-04-28T05:21:32.785156+02:00
2021-08-12T21:00:00+02:00,EUR/USD,1.173,1.1737,1.173,1.17352,1458,2026-04-28T05:21:32.785156+02:00
2021-08-12T22:00:00+02:00,EUR/USD,1.17351,1.17356,1.17296,1.17297,1160,2026-04-28T05:21:32.785156+02:00
2021-08-12T23:00:00+02:00,EUR/USD,1.17306,1.17326,1.17302,1.17314,133,2026-04-28T05:21:32.785156+02:00
2021-08-13T00:00:00+02:00,EUR/USD,1.17316,1.17366,1.17309,1.17364,949,2026-04-28T05:21:32.785156+02:00
2021-08-13T01:00:00+02:00,EUR/USD,1.17366,1.17388,1.1735,1.17358,468,2026-04-28T05:21:32.785156+02:00
2021-08-13T02:00:00+02:00,EUR/USD,1.1736,1.17365,1.17328,1.17362,937,2026-04-28T05:21:32.785156+02:00
2021-08-13T03:00:00+02:00,EUR/USD,1.17361,1.17409,1.17345,1.17395,1183,2026-04-28T05:21:32.785156+02:00
2021-08-13T04:00:00+02:00,EUR/USD,1.17396,1.17426,1.1739,1.17409,709,2026-04-28T05:21:32.785156+02:00
2021-08-13T05:00:00+02:00,EUR/USD,1.17408,1.17416,1.17382,1.17396,804,2026-04-28T05:21:32.785156+02:00
2021-08-13T06:00:00+02:00,EUR/USD,1.17398,1.17412,1.17383,1.17391,548,2026-04-28T05:21:32.785156+02:00
2021-08-13T07:00:00+02:00,EUR/USD,1.1739,1.17396,1.1736,1.17369,623,2026-04-28T05:21:32.785156+02:00
2021-08-13T08:00:00+02:00,EUR/USD,1.17368,1.17385,1.1732,1.17331,2333,2026-04-28T05:21:32.785156+02:00
2021-08-13T09:00:00+02:00,EUR/USD,1.1733,1.17386,1.17304,1.17348,3629,2026-04-28T05:21:32.785156+02:00
2021-08-13T10:00:00+02:00,EUR/USD,1.1735,1.1743,1.17341,1.17424,2506,2026-04-28T05:21:32.785156+02:00
2021-08-13T11:00:00+02:00,EUR/USD,1.17426,1.17494,1.17404,1.17494,2386,2026-04-28T05:21:32.785156+02:00
2021-08-13T12:00:00+02:00,EUR/USD,1.17496,1.17515,1.17462,1.17488,2287,2026-04-28T05:21:32.785156+02:00
2021-08-13T13:00:00+02:00,EUR/USD,1.1749,1.17631,1.17481,1.17596,3955,2026-04-28T05:21:32.785156+02:00
2021-08-13T14:00:00+02:00,EUR/USD,1.17597,1.1769,1.17595,1.17659,4187,2026-04-28T05:21:32.785156+02:00
2021-08-13T15:00:00+02:00,EUR/USD,1.1766,1.17732,1.17639,1.17658,4998,2026-04-28T05:21:32.785156+02:00
2021-08-13T16:00:00+02:00,EUR/USD,1.1766,1.17959,1.17648,1.17918,8999,2026-04-28T05:21:32.785156+02:00
2021-08-13T17:00:00+02:00,EUR/USD,1.1792,1.1801,1.17894,1.17957,4501,2026-04-28T05:21:32.785156+02:00
2021-08-13T18:00:00+02:00,EUR/USD,1.17958,1.18049,1.17956,1.18002,2885,2026-04-28T05:21:32.785156+02:00
2021-08-13T19:00:00+02:00,EUR/USD,1.18003,1.1801,1.17976,1.17992,2111,2026-04-28T05:21:32.785156+02:00
2021-08-13T20:00:00+02:00,EUR/USD,1.17994,1.18004,1.17924,1.17958,1953,2026-04-28T05:21:32.785156+02:00
2021-08-13T21:00:00+02:00,EUR/USD,1.17957,1.17989,1.17937,1.17981,1615,2026-04-28T05:21:32.785156+02:00
2021-08-13T22:00:00+02:00,EUR/USD,1.1798,1.17982,1.17946,1.17952,1238,2026-04-28T05:21:32.785156+02:00
2021-08-15T23:00:00+02:00,EUR/USD,1.17961,1.17965,1.17945,1.17945,20,2026-04-28T05:21:32.785156+02:00
2021-08-16T00:00:00+02:00,EUR/USD,1.17948,1.18012,1.17918,1.17936,487,2026-04-28T05:21:32.785156+02:00
2021-08-16T01:00:00+02:00,EUR/USD,1.17938,1.17961,1.1792,1.17942,330,2026-04-28T05:21:32.785156+02:00
2021-08-16T02:00:00+02:00,EUR/USD,1.1794,1.17976,1.1793,1.17958,1512,2026-04-28T05:21:32.785156+02:00
2021-08-16T03:00:00+02:00,EUR/USD,1.17956,1.18008,1.17946,1.1798,1151,2026-04-28T05:21:32.785156+02:00
2021-08-16T04:00:00+02:00,EUR/USD,1.17979,1.18002,1.1796,1.17962,1102,2026-04-28T05:21:32.785156+02:00
2021-08-16T05:00:00+02:00,EUR/USD,1.17964,1.17964,1.179,1.17902,989,2026-04-28T05:21:32.785156+02:00
2021-08-16T06:00:00+02:00,EUR/USD,1.17901,1.17942,1.17899,1.17938,593,2026-04-28T05:21:32.785156+02:00
2021-08-16T07:00:00+02:00,EUR/USD,1.17936,1.1794,1.17866,1.17866,916,2026-04-28T05:21:32.785156+02:00
2021-08-16T08:00:00+02:00,EUR/USD,1.17866,1.1793,1.17826,1.17854,3608,2026-04-28T05:21:32.785156+02:00
2021-08-16T09:00:00+02:00,EUR/USD,1.17856,1.17927,1.17787,1.17808,4674,2026-04-28T05:21:32.785156+02:00
2021-08-16T10:00:00+02:00,EUR/USD,1.1781,1.17909,1.178,1.17872,3899,2026-04-28T05:21:32.785156+02:00
2021-08-16T11:00:00+02:00,EUR/USD,1.17872,1.1788,1.17778,1.17818,2860,2026-04-28T05:21:32.785156+02:00
2021-08-16T12:00:00+02:00,EUR/USD,1.1782,1.17866,1.17788,1.17816,3264,2026-04-28T05:21:32.785156+02:00
2021-08-16T13:00:00+02:00,EUR/USD,1.17817,1.1783,1.17674,1.17682,3876,2026-04-28T05:21:32.785156+02:00
2021-08-16T14:00:00+02:00,EUR/USD,1.17683,1.17778,1.17682,1.17772,5933,2026-04-28T05:21:32.785156+02:00
2021-08-16T15:00:00+02:00,EUR/USD,1.17774,1.17872,1.17724,1.17748,6739,2026-04-28T05:21:32.785156+02:00
2021-08-16T16:00:00+02:00,EUR/USD,1.17747,1.17906,1.1773,1.17878,7028,2026-04-28T05:21:32.785156+02:00
2021-08-16T17:00:00+02:00,EUR/USD,1.17876,1.17894,1.1775,1.1775,4325,2026-04-28T05:21:32.785156+02:00
2021-08-16T18:00:00+02:00,EUR/USD,1.17752,1.17807,1.1774,1.17754,2126,2026-04-28T05:21:32.785156+02:00
2021-08-16T19:00:00+02:00,EUR/USD,1.17752,1.17776,1.17746,1.17772,1326,2026-04-28T05:21:32.785156+02:00
2021-08-16T20:00:00+02:00,EUR/USD,1.17774,1.17782,1.17748,1.17754,1241,2026-04-28T05:21:32.785156+02:00
2021-08-16T21:00:00+02:00,EUR/USD,1.17756,1.17796,1.17752,1.17781,1498,2026-04-28T05:21:32.785156+02:00
2021-08-16T22:00:00+02:00,EUR/USD,1.17782,1.17788,1.17754,1.17765,1049,2026-04-28T05:21:32.785156+02:00
2021-08-16T23:00:00+02:00,EUR/USD,1.17786,1.17791,1.17732,1.17779,86,2026-04-28T05:21:32.785156+02:00
2021-08-17T00:00:00+02:00,EUR/USD,1.17782,1.1779,1.17769,1.17788,278,2026-04-28T05:21:32.785156+02:00
2021-08-17T01:00:00+02:00,EUR/USD,1.1779,1.17805,1.17775,1.17778,609,2026-04-28T05:21:32.785156+02:00
2021-08-17T02:00:00+02:00,EUR/USD,1.17777,1.17778,1.17724,1.1774,1373,2026-04-28T05:21:32.785156+02:00
2021-08-17T03:00:00+02:00,EUR/USD,1.17738,1.17768,1.17696,1.17737,2128,2026-04-28T05:21:32.785156+02:00
2021-08-17T04:00:00+02:00,EUR/USD,1.17738,1.17748,1.17694,1.17724,1724,2026-04-28T05:21:32.785156+02:00
2021-08-17T05:00:00+02:00,EUR/USD,1.17723,1.17724,1.17669,1.17683,1810,2026-04-28T05:21:32.785156+02:00
2021-08-17T06:00:00+02:00,EUR/USD,1.17685,1.17704,1.17673,1.17686,984,2026-04-28T05:21:32.785156+02:00
2021-08-17T07:00:00+02:00,EUR/USD,1.17686,1.17734,1.17686,1.17702,1548,2026-04-28T05:21:32.785156+02:00
2021-08-17T08:00:00+02:00,EUR/USD,1.17704,1.1771,1.17603,1.17614,5768,2026-04-28T05:21:32.785156+02:00
2021-08-17T09:00:00+02:00,EUR/USD,1.17613,1.17747,1.17603,1.17723,7606,2026-04-28T05:21:32.785156+02:00
2021-08-17T10:00:00+02:00,EUR/USD,1.17724,1.17849,1.17702,1.17773,5207,2026-04-28T05:21:32.785156+02:00
2021-08-17T11:00:00+02:00,EUR/USD,1.17774,1.17776,1.17642,1.17716,3807,2026-04-28T05:21:32.785156+02:00
2021-08-17T12:00:00+02:00,EUR/USD,1.17717,1.17756,1.17646,1.17668,3400,2026-04-28T05:21:32.785156+02:00
2021-08-17T13:00:00+02:00,EUR/USD,1.17666,1.17724,1.17616,1.17626,4189,2026-04-28T05:21:32.785156+02:00
2021-08-17T14:00:00+02:00,EUR/USD,1.17627,1.17706,1.17412,1.17439,10165,2026-04-28T05:21:32.785156+02:00
2021-08-17T15:00:00+02:00,EUR/USD,1.17441,1.17448,1.17318,1.17378,9720,2026-04-28T05:21:32.785156+02:00
2021-08-17T16:00:00+02:00,EUR/USD,1.1738,1.17388,1.1714,1.17172,8243,2026-04-28T05:21:32.785156+02:00
2021-08-17T17:00:00+02:00,EUR/USD,1.17173,1.17185,1.17101,1.17132,5670,2026-04-28T05:21:32.785156+02:00
2021-08-17T18:00:00+02:00,EUR/USD,1.17131,1.17186,1.17086,1.17088,3159,2026-04-28T05:21:32.785156+02:00
2021-08-17T19:00:00+02:00,EUR/USD,1.17086,1.17186,1.17084,1.1718,3264,2026-04-28T05:21:32.785156+02:00
2021-08-17T20:00:00+02:00,EUR/USD,1.17178,1.17198,1.17102,1.17111,2883,2026-04-28T05:21:32.785156+02:00
2021-08-17T21:00:00+02:00,EUR/USD,1.1711,1.17138,1.17094,1.17116,2065,2026-04-28T05:21:32.785156+02:00
2021-08-17T22:00:00+02:00,EUR/USD,1.17118,1.17134,1.1708,1.17084,1573,2026-04-28T05:21:32.785156+02:00
2021-08-17T23:00:00+02:00,EUR/USD,1.17104,1.17128,1.17094,1.17104,220,2026-04-28T05:21:32.785156+02:00
2021-08-18T00:00:00+02:00,EUR/USD,1.17115,1.17115,1.1702,1.1706,889,2026-04-28T05:21:32.785156+02:00
2021-08-18T01:00:00+02:00,EUR/USD,1.1706,1.17098,1.17052,1.17094,709,2026-04-28T05:21:32.785156+02:00
2021-08-18T02:00:00+02:00,EUR/USD,1.17092,1.17135,1.17076,1.17122,1671,2026-04-28T05:21:32.785156+02:00
2021-08-18T03:00:00+02:00,EUR/USD,1.1712,1.17177,1.17108,1.17164,1507,2026-04-28T05:21:32.785156+02:00
2021-08-18T04:00:00+02:00,EUR/USD,1.17162,1.17198,1.171,1.17197,2554,2026-04-28T05:21:32.785156+02:00
2021-08-18T05:00:00+02:00,EUR/USD,1.17196,1.17232,1.17164,1.17167,1327,2026-04-28T05:21:32.785156+02:00
2021-08-18T06:00:00+02:00,EUR/USD,1.17168,1.17189,1.1715,1.17184,1098,2026-04-28T05:21:32.785156+02:00
2021-08-18T07:00:00+02:00,EUR/USD,1.17182,1.17184,1.17132,1.17156,1188,2026-04-28T05:21:32.785156+02:00
2021-08-18T08:00:00+02:00,EUR/USD,1.17154,1.17236,1.17126,1.1717,3293,2026-04-28T05:21:32.785156+02:00
2021-08-18T09:00:00+02:00,EUR/USD,1.17171,1.17298,1.17163,1.17239,3912,2026-04-28T05:21:32.785156+02:00
2021-08-18T10:00:00+02:00,EUR/USD,1.17238,1.1726,1.17177,1.17203,3983,2026-04-28T05:21:32.785156+02:00
2021-08-18T11:00:00+02:00,EUR/USD,1.17204,1.17245,1.17158,1.17158,3172,2026-04-28T05:21:32.785156+02:00
2021-08-18T12:00:00+02:00,EUR/USD,1.1716,1.17189,1.17122,1.17122,3081,2026-04-28T05:21:32.785156+02:00
2021-08-18T13:00:00+02:00,EUR/USD,1.17124,1.17236,1.1706,1.1722,4131,2026-04-28T05:21:32.785156+02:00
2021-08-18T14:00:00+02:00,EUR/USD,1.17218,1.17262,1.1714,1.17178,5751,2026-04-28T05:21:32.785156+02:00
2021-08-18T15:00:00+02:00,EUR/USD,1.17179,1.17212,1.17086,1.17184,5873,2026-04-28T05:21:32.785156+02:00
2021-08-18T16:00:00+02:00,EUR/USD,1.17186,1.17194,1.17065,1.17114,6286,2026-04-28T05:21:32.785156+02:00
2021-08-18T17:00:00+02:00,EUR/USD,1.17114,1.1712,1.16936,1.17014,6344,2026-04-28T05:21:32.785156+02:00
2021-08-18T18:00:00+02:00,EUR/USD,1.17013,1.17032,1.16941,1.16994,3380,2026-04-28T05:21:32.785156+02:00
2021-08-18T19:00:00+02:00,EUR/USD,1.16994,1.17038,1.1698,1.17004,2559,2026-04-28T05:21:32.785156+02:00
2021-08-18T20:00:00+02:00,EUR/USD,1.17004,1.17428,1.16992,1.17124,15878,2026-04-28T05:21:32.785156+02:00
2021-08-18T21:00:00+02:00,EUR/USD,1.17123,1.17158,1.17091,1.17126,4068,2026-04-28T05:21:32.785156+02:00
2021-08-18T22:00:00+02:00,EUR/USD,1.17126,1.17145,1.17072,1.17106,2005,2026-04-28T05:21:32.785156+02:00
2021-08-18T23:00:00+02:00,EUR/USD,1.171,1.17165,1.17096,1.17099,120,2026-04-28T05:21:32.785156+02:00
2021-08-19T00:00:00+02:00,EUR/USD,1.17096,1.17158,1.17096,1.17135,585,2026-04-28T05:21:32.785156+02:00
2021-08-19T01:00:00+02:00,EUR/USD,1.17136,1.17151,1.17026,1.17028,1002,2026-04-28T05:21:32.785156+02:00
2021-08-19T02:00:00+02:00,EUR/USD,1.17029,1.17039,1.1684,1.16874,3268,2026-04-28T05:21:32.785156+02:00
2021-08-19T03:00:00+02:00,EUR/USD,1.16876,1.16937,1.1684,1.16844,2731,2026-04-28T05:21:32.785156+02:00
2021-08-19T04:00:00+02:00,EUR/USD,1.16842,1.16874,1.16742,1.16768,3268,2026-04-28T05:21:32.785156+02:00
2021-08-19T05:00:00+02:00,EUR/USD,1.1677,1.16775,1.16656,1.16754,2573,2026-04-28T05:21:32.785156+02:00
2021-08-19T06:00:00+02:00,EUR/USD,1.16754,1.16782,1.16739,1.1677,1301,2026-04-28T05:21:32.785156+02:00
2021-08-19T07:00:00+02:00,EUR/USD,1.16768,1.16809,1.16698,1.16725,2907,2026-04-28T05:21:32.785156+02:00
2021-08-19T08:00:00+02:00,EUR/USD,1.16724,1.16808,1.16689,1.16786,6998,2026-04-28T05:21:32.785156+02:00
2021-08-19T09:00:00+02:00,EUR/USD,1.16785,1.16844,1.16712,1.16828,8765,2026-04-28T05:21:32.785156+02:00
2021-08-19T10:00:00+02:00,EUR/USD,1.1683,1.16973,1.16803,1.16869,7002,2026-04-28T05:21:32.785156+02:00
2021-08-19T11:00:00+02:00,EUR/USD,1.1687,1.16978,1.16802,1.16958,6154,2026-04-28T05:21:32.785156+02:00
2021-08-19T12:00:00+02:00,EUR/USD,1.16958,1.16966,1.16893,1.16932,4357,2026-04-28T05:21:32.785156+02:00
2021-08-19T13:00:00+02:00,EUR/USD,1.16933,1.17038,1.16921,1.16994,4445,2026-04-28T05:21:32.785156+02:00
2021-08-19T14:00:00+02:00,EUR/USD,1.16994,1.17043,1.16944,1.16988,5960,2026-04-28T05:21:32.785156+02:00
2021-08-19T15:00:00+02:00,EUR/USD,1.16987,1.17025,1.1692,1.17004,7821,2026-04-28T05:21:32.785156+02:00
2021-08-19T16:00:00+02:00,EUR/USD,1.17002,1.17003,1.16816,1.16825,9340,2026-04-28T05:21:32.785156+02:00
2021-08-19T17:00:00+02:00,EUR/USD,1.16826,1.16974,1.16788,1.16928,5968,2026-04-28T05:21:32.785156+02:00
2021-08-19T18:00:00+02:00,EUR/USD,1.1693,1.16934,1.16848,1.16884,3095,2026-04-28T05:21:32.785156+02:00
2021-08-19T19:00:00+02:00,EUR/USD,1.16885,1.16886,1.16773,1.16776,2934,2026-04-28T05:21:32.785156+02:00
2021-08-19T20:00:00+02:00,EUR/USD,1.16775,1.16788,1.16726,1.16758,3044,2026-04-28T05:21:32.785156+02:00
2021-08-19T21:00:00+02:00,EUR/USD,1.16759,1.16802,1.16744,1.16764,2293,2026-04-28T05:21:32.785156+02:00
2021-08-19T22:00:00+02:00,EUR/USD,1.16762,1.16783,1.16748,1.16762,918,2026-04-28T05:21:32.785156+02:00
2021-08-19T23:00:00+02:00,EUR/USD,1.16762,1.16782,1.16762,1.16774,110,2026-04-28T05:21:32.785156+02:00
2021-08-20T00:00:00+02:00,EUR/USD,1.1678,1.16796,1.16768,1.1678,302,2026-04-28T05:21:32.785156+02:00
2021-08-20T01:00:00+02:00,EUR/USD,1.16778,1.16785,1.16752,1.16766,406,2026-04-28T05:21:32.785156+02:00
2021-08-20T02:00:00+02:00,EUR/USD,1.16768,1.16839,1.16764,1.16823,1135,2026-04-28T05:21:32.785156+02:00
2021-08-20T03:00:00+02:00,EUR/USD,1.16822,1.16856,1.16777,1.16798,1938,2026-04-28T05:21:32.785156+02:00
2021-08-20T04:00:00+02:00,EUR/USD,1.16799,1.16814,1.16759,1.16795,1249,2026-04-28T05:21:32.785156+02:00
2021-08-20T05:00:00+02:00,EUR/USD,1.16794,1.16874,1.16788,1.16856,977,2026-04-28T05:21:32.785156+02:00
2021-08-20T06:00:00+02:00,EUR/USD,1.16856,1.16876,1.16843,1.1686,842,2026-04-28T05:21:32.785156+02:00
2021-08-20T07:00:00+02:00,EUR/USD,1.16858,1.16894,1.16817,1.16871,1645,2026-04-28T05:21:32.785156+02:00
2021-08-20T08:00:00+02:00,EUR/USD,1.16871,1.16876,1.16782,1.16832,3653,2026-04-28T05:21:32.785156+02:00
2021-08-20T09:00:00+02:00,EUR/USD,1.16832,1.16867,1.16776,1.16794,5989,2026-04-28T05:21:32.785156+02:00
2021-08-20T10:00:00+02:00,EUR/USD,1.16796,1.16847,1.16708,1.1674,4005,2026-04-28T05:21:32.785156+02:00
2021-08-20T11:00:00+02:00,EUR/USD,1.1674,1.16772,1.16718,1.16754,3072,2026-04-28T05:21:32.785156+02:00
2021-08-20T12:00:00+02:00,EUR/USD,1.16756,1.16835,1.16706,1.16806,2907,2026-04-28T05:21:32.785156+02:00
2021-08-20T13:00:00+02:00,EUR/USD,1.16807,1.1681,1.16674,1.16683,3370,2026-04-28T05:21:32.785156+02:00
2021-08-20T14:00:00+02:00,EUR/USD,1.16684,1.16752,1.1665,1.16685,4485,2026-04-28T05:21:32.785156+02:00
2021-08-20T15:00:00+02:00,EUR/USD,1.16683,1.16854,1.1664,1.16796,8458,2026-04-28T05:21:32.785156+02:00
2021-08-20T16:00:00+02:00,EUR/USD,1.16798,1.16836,1.16714,1.16785,6937,2026-04-28T05:21:32.785156+02:00
2021-08-20T17:00:00+02:00,EUR/USD,1.16784,1.16907,1.1675,1.16905,4279,2026-04-28T05:21:32.785156+02:00
2021-08-20T18:00:00+02:00,EUR/USD,1.16904,1.17046,1.16892,1.17032,3404,2026-04-28T05:21:32.785156+02:00
2021-08-20T19:00:00+02:00,EUR/USD,1.17031,1.17039,1.1693,1.16944,1901,2026-04-28T05:21:32.785156+02:00
2021-08-20T20:00:00+02:00,EUR/USD,1.16946,1.16976,1.16922,1.16965,1464,2026-04-28T05:21:32.785156+02:00
2021-08-20T21:00:00+02:00,EUR/USD,1.16964,1.17024,1.16958,1.17022,1791,2026-04-28T05:21:32.785156+02:00
2021-08-20T22:00:00+02:00,EUR/USD,1.17021,1.17046,1.1699,1.1699,1323,2026-04-28T05:21:32.785156+02:00
2021-08-22T23:00:00+02:00,EUR/USD,1.1697,1.16991,1.16946,1.16987,118,2026-04-28T05:21:32.785156+02:00
2021-08-23T00:00:00+02:00,EUR/USD,1.16977,1.1702,1.16932,1.16935,802,2026-04-28T05:21:32.785156+02:00
2021-08-23T01:00:00+02:00,EUR/USD,1.16934,1.16972,1.1693,1.16969,293,2026-04-28T05:21:32.785156+02:00
2021-08-23T02:00:00+02:00,EUR/USD,1.1697,1.1703,1.16953,1.16993,1330,2026-04-28T05:21:32.785156+02:00
2021-08-23T03:00:00+02:00,EUR/USD,1.16994,1.17182,1.16989,1.17136,2332,2026-04-28T05:21:32.785156+02:00
2021-08-23T04:00:00+02:00,EUR/USD,1.17136,1.17182,1.17125,1.17177,1170,2026-04-28T05:21:32.785156+02:00
2021-08-23T05:00:00+02:00,EUR/USD,1.17178,1.17238,1.17151,1.17202,1150,2026-04-28T05:21:32.785156+02:00
2021-08-23T06:00:00+02:00,EUR/USD,1.17201,1.17206,1.17163,1.17188,779,2026-04-28T05:21:32.785156+02:00
2021-08-23T07:00:00+02:00,EUR/USD,1.17188,1.17226,1.17166,1.1717,1021,2026-04-28T05:21:32.785156+02:00
2021-08-23T08:00:00+02:00,EUR/USD,1.17169,1.172,1.17081,1.17136,3801,2026-04-28T05:21:32.785156+02:00
2021-08-23T09:00:00+02:00,EUR/USD,1.17136,1.17264,1.17064,1.17226,5813,2026-04-28T05:21:32.785156+02:00
2021-08-23T10:00:00+02:00,EUR/USD,1.17228,1.17322,1.17207,1.1731,4682,2026-04-28T05:21:32.785156+02:00
2021-08-23T11:00:00+02:00,EUR/USD,1.17308,1.17327,1.17217,1.17241,3068,2026-04-28T05:21:32.785156+02:00
2021-08-23T12:00:00+02:00,EUR/USD,1.17242,1.1728,1.17152,1.1728,2762,2026-04-28T05:21:32.785156+02:00
2021-08-23T13:00:00+02:00,EUR/USD,1.17281,1.17281,1.17178,1.17182,3347,2026-04-28T05:21:32.785156+02:00
2021-08-23T14:00:00+02:00,EUR/USD,1.17182,1.1734,1.1716,1.1732,4548,2026-04-28T05:21:32.785156+02:00
2021-08-23T15:00:00+02:00,EUR/USD,1.1732,1.17436,1.17284,1.17302,7403,2026-04-28T05:21:32.785156+02:00
2021-08-23T16:00:00+02:00,EUR/USD,1.17304,1.17421,1.17239,1.17399,6475,2026-04-28T05:21:32.785156+02:00
2021-08-23T17:00:00+02:00,EUR/USD,1.174,1.17408,1.17294,1.17316,3768,2026-04-28T05:21:32.785156+02:00
2021-08-23T18:00:00+02:00,EUR/USD,1.17314,1.17406,1.17309,1.17394,1981,2026-04-28T05:21:32.785156+02:00
2021-08-23T19:00:00+02:00,EUR/USD,1.17395,1.1744,1.17384,1.17436,1558,2026-04-28T05:21:32.785156+02:00
2021-08-23T20:00:00+02:00,EUR/USD,1.17434,1.17502,1.17434,1.17483,1563,2026-04-28T05:21:32.785156+02:00
2021-08-23T21:00:00+02:00,EUR/USD,1.17482,1.17504,1.17441,1.17466,1600,2026-04-28T05:21:32.785156+02:00
2021-08-23T22:00:00+02:00,EUR/USD,1.17466,1.17486,1.1742,1.1746,1036,2026-04-28T05:21:32.785156+02:00
2021-08-23T23:00:00+02:00,EUR/USD,1.17458,1.1747,1.17447,1.17464,88,2026-04-28T05:21:32.785156+02:00
2021-08-24T00:00:00+02:00,EUR/USD,1.17466,1.17486,1.17457,1.17457,182,2026-04-28T05:21:32.785156+02:00
2021-08-24T01:00:00+02:00,EUR/USD,1.17458,1.17472,1.17436,1.17442,320,2026-04-28T05:21:32.785156+02:00
2021-08-24T02:00:00+02:00,EUR/USD,1.17441,1.17476,1.17386,1.17392,823,2026-04-28T05:21:32.785156+02:00
2021-08-24T03:00:00+02:00,EUR/USD,1.17394,1.17402,1.17358,1.17362,805,2026-04-28T05:21:32.785156+02:00
2021-08-24T04:00:00+02:00,EUR/USD,1.17364,1.17426,1.17342,1.17422,818,2026-04-28T05:21:32.785156+02:00
2021-08-24T05:00:00+02:00,EUR/USD,1.1742,1.17425,1.17377,1.17378,512,2026-04-28T05:21:32.785156+02:00
2021-08-24T06:00:00+02:00,EUR/USD,1.17376,1.17414,1.17372,1.17412,371,2026-04-28T05:21:32.785156+02:00
2021-08-24T07:00:00+02:00,EUR/USD,1.17413,1.1746,1.17406,1.17412,1320,2026-04-28T05:21:32.785156+02:00
2021-08-24T08:00:00+02:00,EUR/USD,1.17413,1.1747,1.17388,1.17396,3580,2026-04-28T05:21:32.785156+02:00
2021-08-24T09:00:00+02:00,EUR/USD,1.17396,1.1745,1.1733,1.17382,4131,2026-04-28T05:21:32.785156+02:00
2021-08-24T10:00:00+02:00,EUR/USD,1.17381,1.17416,1.17272,1.17286,4652,2026-04-28T05:21:32.785156+02:00
2021-08-24T11:00:00+02:00,EUR/USD,1.17286,1.17378,1.17278,1.1731,3249,2026-04-28T05:21:32.785156+02:00
2021-08-24T12:00:00+02:00,EUR/USD,1.17308,1.17394,1.17308,1.17358,2815,2026-04-28T05:21:32.785156+02:00
2021-08-24T13:00:00+02:00,EUR/USD,1.17356,1.17424,1.17348,1.17362,2614,2026-04-28T05:21:32.785156+02:00
2021-08-24T14:00:00+02:00,EUR/USD,1.1736,1.1755,1.17352,1.17507,4980,2026-04-28T05:21:32.785156+02:00
2021-08-24T15:00:00+02:00,EUR/USD,1.1751,1.17541,1.17352,1.17483,7003,2026-04-28T05:21:32.785156+02:00
2021-08-24T16:00:00+02:00,EUR/USD,1.17484,1.17652,1.17422,1.17609,7362,2026-04-28T05:21:32.785156+02:00
2021-08-24T17:00:00+02:00,EUR/USD,1.17608,1.17612,1.1743,1.17466,3882,2026-04-28T05:21:32.785156+02:00
2021-08-24T18:00:00+02:00,EUR/USD,1.17464,1.17476,1.1743,1.17475,2051,2026-04-28T05:21:32.785156+02:00
2021-08-24T19:00:00+02:00,EUR/USD,1.17474,1.17478,1.17438,1.1745,1484,2026-04-28T05:21:32.785156+02:00
2021-08-24T20:00:00+02:00,EUR/USD,1.17449,1.17558,1.17428,1.17546,1565,2026-04-28T05:21:32.785156+02:00
2021-08-24T21:00:00+02:00,EUR/USD,1.17548,1.17578,1.17518,1.17574,1131,2026-04-28T05:21:32.785156+02:00
2021-08-24T22:00:00+02:00,EUR/USD,1.17576,1.17592,1.17558,1.17573,641,2026-04-28T05:21:32.785156+02:00
2021-08-24T23:00:00+02:00,EUR/USD,1.17568,1.17573,1.17542,1.17562,107,2026-04-28T05:21:32.785156+02:00
2021-08-25T00:00:00+02:00,EUR/USD,1.17556,1.17586,1.17556,1.17567,246,2026-04-28T05:21:32.785156+02:00
2021-08-25T01:00:00+02:00,EUR/USD,1.17565,1.17572,1.17522,1.17529,475,2026-04-28T05:21:32.785156+02:00
2021-08-25T02:00:00+02:00,EUR/USD,1.1753,1.17578,1.17402,1.17416,1522,2026-04-28T05:21:32.785156+02:00
2021-08-25T03:00:00+02:00,EUR/USD,1.17418,1.17425,1.17352,1.1736,1407,2026-04-28T05:21:32.785156+02:00
2021-08-25T04:00:00+02:00,EUR/USD,1.17359,1.17392,1.17333,1.17378,1186,2026-04-28T05:21:32.785156+02:00
2021-08-25T05:00:00+02:00,EUR/USD,1.17377,1.17396,1.17346,1.1738,655,2026-04-28T05:21:32.785156+02:00
2021-08-25T06:00:00+02:00,EUR/USD,1.17382,1.17407,1.17378,1.17407,485,2026-04-28T05:21:32.785156+02:00
2021-08-25T07:00:00+02:00,EUR/USD,1.17408,1.17455,1.17402,1.17428,693,2026-04-28T05:21:32.785156+02:00
2021-08-25T08:00:00+02:00,EUR/USD,1.17427,1.1745,1.17324,1.17332,2616,2026-04-28T05:21:32.785156+02:00
2021-08-25T09:00:00+02:00,EUR/USD,1.17332,1.17443,1.17325,1.17377,4030,2026-04-28T05:21:32.785156+02:00
2021-08-25T10:00:00+02:00,EUR/USD,1.1738,1.17596,1.17334,1.17512,5555,2026-04-28T05:21:32.785156+02:00
2021-08-25T11:00:00+02:00,EUR/USD,1.17512,1.17556,1.1748,1.1749,3207,2026-04-28T05:21:32.785156+02:00
2021-08-25T12:00:00+02:00,EUR/USD,1.17489,1.17507,1.17428,1.17473,2522,2026-04-28T05:21:32.785156+02:00
2021-08-25T13:00:00+02:00,EUR/USD,1.17474,1.17474,1.17348,1.1741,3238,2026-04-28T05:21:32.785156+02:00
2021-08-25T14:00:00+02:00,EUR/USD,1.17409,1.17416,1.17262,1.17326,5172,2026-04-28T05:21:32.785156+02:00
2021-08-25T15:00:00+02:00,EUR/USD,1.17325,1.17498,1.173,1.1747,7082,2026-04-28T05:21:32.785156+02:00
2021-08-25T16:00:00+02:00,EUR/USD,1.17472,1.17556,1.17458,1.17496,7489,2026-04-28T05:21:32.785156+02:00
2021-08-25T17:00:00+02:00,EUR/USD,1.17498,1.176,1.17464,1.17566,4393,2026-04-28T05:21:32.785156+02:00
2021-08-25T18:00:00+02:00,EUR/USD,1.17565,1.17634,1.17557,1.17602,2585,2026-04-28T05:21:32.785156+02:00
2021-08-25T19:00:00+02:00,EUR/USD,1.17604,1.17612,1.17534,1.17596,2389,2026-04-28T05:21:32.785156+02:00
2021-08-25T20:00:00+02:00,EUR/USD,1.17596,1.17744,1.17594,1.17713,3298,2026-04-28T05:21:32.785156+02:00
2021-08-25T21:00:00+02:00,EUR/USD,1.17714,1.17725,1.17655,1.17712,1780,2026-04-28T05:21:32.785156+02:00
2021-08-25T22:00:00+02:00,EUR/USD,1.17711,1.17744,1.17692,1.17725,814,2026-04-28T05:21:32.785156+02:00
2021-08-25T23:00:00+02:00,EUR/USD,1.17728,1.1773,1.1768,1.17726,121,2026-04-28T05:21:32.785156+02:00
2021-08-26T00:00:00+02:00,EUR/USD,1.1772,1.17732,1.17704,1.1771,317,2026-04-28T05:21:32.785156+02:00
2021-08-26T01:00:00+02:00,EUR/USD,1.17708,1.17725,1.17704,1.1772,232,2026-04-28T05:21:32.785156+02:00
2021-08-26T02:00:00+02:00,EUR/USD,1.17718,1.1774,1.17664,1.1767,960,2026-04-28T05:21:32.785156+02:00
2021-08-26T03:00:00+02:00,EUR/USD,1.17668,1.17679,1.17627,1.17659,1210,2026-04-28T05:21:32.785156+02:00
2021-08-26T04:00:00+02:00,EUR/USD,1.1766,1.1766,1.17628,1.17647,869,2026-04-28T05:21:32.785156+02:00
2021-08-26T05:00:00+02:00,EUR/USD,1.17648,1.17652,1.17612,1.17628,637,2026-04-28T05:21:32.785156+02:00
2021-08-26T06:00:00+02:00,EUR/USD,1.17629,1.17675,1.1762,1.1764,409,2026-04-28T05:21:32.785156+02:00
2021-08-26T07:00:00+02:00,EUR/USD,1.17642,1.17697,1.1763,1.17654,990,2026-04-28T05:21:32.785156+02:00
2021-08-26T08:00:00+02:00,EUR/USD,1.17652,1.17682,1.17565,1.17574,3302,2026-04-28T05:21:32.785156+02:00
2021-08-26T09:00:00+02:00,EUR/USD,1.17572,1.17748,1.17566,1.17698,5358,2026-04-28T05:21:32.785156+02:00
2021-08-26T10:00:00+02:00,EUR/USD,1.17699,1.17699,1.17585,1.17591,3892,2026-04-28T05:21:32.785156+02:00
2021-08-26T11:00:00+02:00,EUR/USD,1.17592,1.177,1.17586,1.177,2698,2026-04-28T05:21:32.785156+02:00
2021-08-26T12:00:00+02:00,EUR/USD,1.177,1.17786,1.177,1.1775,2392,2026-04-28T05:21:32.785156+02:00
2021-08-26T13:00:00+02:00,EUR/USD,1.1775,1.1779,1.17674,1.17695,3655,2026-04-28T05:21:32.785156+02:00
2021-08-26T14:00:00+02:00,EUR/USD,1.17696,1.1776,1.1752,1.17558,8328,2026-04-28T05:21:32.785156+02:00
2021-08-26T15:00:00+02:00,EUR/USD,1.17559,1.17601,1.17484,1.17536,8385,2026-04-28T05:21:32.785156+02:00
2021-08-26T16:00:00+02:00,EUR/USD,1.17534,1.17676,1.1746,1.17538,8426,2026-04-28T05:21:32.785156+02:00
2021-08-26T17:00:00+02:00,EUR/USD,1.17539,1.17638,1.17529,1.17622,5075,2026-04-28T05:21:32.785156+02:00
2021-08-26T18:00:00+02:00,EUR/USD,1.17621,1.17636,1.17525,1.17526,2486,2026-04-28T05:21:32.785156+02:00
2021-08-26T19:00:00+02:00,EUR/USD,1.17528,1.1755,1.1749,1.17537,2872,2026-04-28T05:21:32.785156+02:00
2021-08-26T20:00:00+02:00,EUR/USD,1.17538,1.1756,1.17508,1.1752,2014,2026-04-28T05:21:32.785156+02:00
2021-08-26T21:00:00+02:00,EUR/USD,1.17522,1.1755,1.175,1.1755,1559,2026-04-28T05:21:32.785156+02:00
2021-08-26T22:00:00+02:00,EUR/USD,1.17549,1.1755,1.17513,1.17522,899,2026-04-28T05:21:32.785156+02:00
2021-08-26T23:00:00+02:00,EUR/USD,1.17518,1.17597,1.17518,1.17555,154,2026-04-28T05:21:32.785156+02:00
2021-08-27T00:00:00+02:00,EUR/USD,1.17558,1.17567,1.17534,1.17564,325,2026-04-28T05:21:32.785156+02:00
2021-08-27T01:00:00+02:00,EUR/USD,1.17566,1.17576,1.17536,1.17538,154,2026-04-28T05:21:32.785156+02:00
2021-08-27T02:00:00+02:00,EUR/USD,1.17537,1.17544,1.17422,1.17454,1332,2026-04-28T05:21:32.785156+02:00
2021-08-27T03:00:00+02:00,EUR/USD,1.17456,1.17511,1.17434,1.17498,1014,2026-04-28T05:21:32.785156+02:00
2021-08-27T04:00:00+02:00,EUR/USD,1.17496,1.17576,1.17494,1.17526,1149,2026-04-28T05:21:32.785156+02:00
2021-08-27T05:00:00+02:00,EUR/USD,1.17524,1.17598,1.17522,1.17598,715,2026-04-28T05:21:32.785156+02:00
2021-08-27T06:00:00+02:00,EUR/USD,1.176,1.17638,1.17588,1.17632,552,2026-04-28T05:21:32.785156+02:00
2021-08-27T07:00:00+02:00,EUR/USD,1.17634,1.17644,1.17611,1.17615,878,2026-04-28T05:21:32.785156+02:00
2021-08-27T08:00:00+02:00,EUR/USD,1.17616,1.177,1.17588,1.17682,3054,2026-04-28T05:21:32.785156+02:00
2021-08-27T09:00:00+02:00,EUR/USD,1.17683,1.17714,1.17574,1.17612,3644,2026-04-28T05:21:32.785156+02:00
2021-08-27T10:00:00+02:00,EUR/USD,1.17614,1.17628,1.17505,1.17512,3413,2026-04-28T05:21:32.785156+02:00
2021-08-27T11:00:00+02:00,EUR/USD,1.1751,1.17586,1.17498,1.17583,2292,2026-04-28T05:21:32.785156+02:00
2021-08-27T12:00:00+02:00,EUR/USD,1.17581,1.17638,1.17556,1.1759,2677,2026-04-28T05:21:32.785156+02:00
2021-08-27T13:00:00+02:00,EUR/USD,1.17588,1.17662,1.1757,1.17626,2962,2026-04-28T05:21:32.785156+02:00
2021-08-27T14:00:00+02:00,EUR/USD,1.17625,1.17649,1.17538,1.17562,4431,2026-04-28T05:21:32.785156+02:00
2021-08-27T15:00:00+02:00,EUR/USD,1.17564,1.1774,1.1735,1.17646,12076,2026-04-28T05:21:32.785156+02:00
2021-08-27T16:00:00+02:00,EUR/USD,1.17644,1.18025,1.1744,1.17868,24245,2026-04-28T05:21:32.785156+02:00
2021-08-27T17:00:00+02:00,EUR/USD,1.17866,1.17976,1.17838,1.17934,6955,2026-04-28T05:21:32.785156+02:00
2021-08-27T18:00:00+02:00,EUR/USD,1.17936,1.18019,1.17892,1.18006,4038,2026-04-28T05:21:32.785156+02:00
2021-08-27T19:00:00+02:00,EUR/USD,1.18004,1.18015,1.17933,1.1795,2215,2026-04-28T05:21:32.785156+02:00
2021-08-27T20:00:00+02:00,EUR/USD,1.17949,1.17966,1.17922,1.17944,1649,2026-04-28T05:21:32.785156+02:00
2021-08-27T21:00:00+02:00,EUR/USD,1.17943,1.17986,1.17934,1.17965,1769,2026-04-28T05:21:32.785156+02:00
2021-08-27T22:00:00+02:00,EUR/USD,1.17964,1.1798,1.1794,1.17944,1133,2026-04-28T05:21:32.785156+02:00
2021-08-29T23:00:00+02:00,EUR/USD,1.1796,1.17966,1.17924,1.17965,76,2026-04-28T05:21:32.785156+02:00
2021-08-30T00:00:00+02:00,EUR/USD,1.17973,1.18006,1.17962,1.17984,788,2026-04-28T05:21:32.785156+02:00
2021-08-30T01:00:00+02:00,EUR/USD,1.17986,1.17994,1.17966,1.17983,342,2026-04-28T05:21:32.785156+02:00
2021-08-30T02:00:00+02:00,EUR/USD,1.17984,1.18059,1.17953,1.18046,1122,2026-04-28T05:21:32.785156+02:00
2021-08-30T03:00:00+02:00,EUR/USD,1.18048,1.18082,1.18026,1.18062,1448,2026-04-28T05:21:32.785156+02:00
2021-08-30T04:00:00+02:00,EUR/USD,1.1806,1.18099,1.18048,1.18056,1373,2026-04-28T05:21:32.785156+02:00
2021-08-30T05:00:00+02:00,EUR/USD,1.18054,1.18082,1.18025,1.18042,839,2026-04-28T05:21:32.785156+02:00
2021-08-30T06:00:00+02:00,EUR/USD,1.1804,1.18073,1.18028,1.18036,634,2026-04-28T05:21:32.785156+02:00
2021-08-30T07:00:00+02:00,EUR/USD,1.18038,1.18052,1.17992,1.17994,864,2026-04-28T05:21:32.785156+02:00
2021-08-30T08:00:00+02:00,EUR/USD,1.17996,1.18024,1.17936,1.18005,2402,2026-04-28T05:21:32.785156+02:00
2021-08-30T09:00:00+02:00,EUR/USD,1.18004,1.18035,1.17942,1.18022,2715,2026-04-28T05:21:32.785156+02:00
2021-08-30T10:00:00+02:00,EUR/USD,1.18022,1.18054,1.17938,1.17987,2788,2026-04-28T05:21:32.785156+02:00
2021-08-30T11:00:00+02:00,EUR/USD,1.17988,1.1802,1.17942,1.17998,2065,2026-04-28T05:21:32.785156+02:00
2021-08-30T12:00:00+02:00,EUR/USD,1.17999,1.18028,1.17948,1.17961,2072,2026-04-28T05:21:32.785156+02:00
2021-08-30T13:00:00+02:00,EUR/USD,1.17963,1.18012,1.1791,1.17997,2473,2026-04-28T05:21:32.785156+02:00
2021-08-30T14:00:00+02:00,EUR/USD,1.17996,1.18022,1.17838,1.17864,3896,2026-04-28T05:21:32.785156+02:00
2021-08-30T15:00:00+02:00,EUR/USD,1.17863,1.17966,1.17828,1.17886,5203,2026-04-28T05:21:32.785156+02:00
2021-08-30T16:00:00+02:00,EUR/USD,1.17888,1.18004,1.17844,1.17999,5829,2026-04-28T05:21:32.785156+02:00
2021-08-30T17:00:00+02:00,EUR/USD,1.17998,1.18038,1.17912,1.17948,2791,2026-04-28T05:21:32.785156+02:00
2021-08-30T18:00:00+02:00,EUR/USD,1.17949,1.17978,1.17932,1.17974,1661,2026-04-28T05:21:32.785156+02:00
2021-08-30T19:00:00+02:00,EUR/USD,1.17976,1.1799,1.17959,1.17972,925,2026-04-28T05:21:32.785156+02:00
2021-08-30T20:00:00+02:00,EUR/USD,1.17974,1.18042,1.1797,1.18038,1281,2026-04-28T05:21:32.785156+02:00
2021-08-30T21:00:00+02:00,EUR/USD,1.18039,1.18039,1.17982,1.17998,1148,2026-04-28T05:21:32.785156+02:00
2021-08-30T22:00:00+02:00,EUR/USD,1.17997,1.18004,1.17963,1.17969,737,2026-04-28T05:21:32.785156+02:00
2021-08-30T23:00:00+02:00,EUR/USD,1.17972,1.17994,1.17954,1.17982,84,2026-04-28T05:21:32.785156+02:00
2021-08-31T00:00:00+02:00,EUR/USD,1.17988,1.17988,1.1797,1.17971,157,2026-04-28T05:21:32.785156+02:00
2021-08-31T01:00:00+02:00,EUR/USD,1.17972,1.17986,1.17959,1.17966,293,2026-04-28T05:21:32.785156+02:00
2021-08-31T02:00:00+02:00,EUR/USD,1.17964,1.18032,1.17955,1.18022,1772,2026-04-28T05:21:32.785156+02:00
2021-08-31T03:00:00+02:00,EUR/USD,1.18022,1.18066,1.1798,1.18036,1534,2026-04-28T05:21:32.785156+02:00
2021-08-31T04:00:00+02:00,EUR/USD,1.18034,1.18088,1.18026,1.18079,886,2026-04-28T05:21:32.785156+02:00
2021-08-31T05:00:00+02:00,EUR/USD,1.1808,1.18198,1.18066,1.18196,1424,2026-04-28T05:21:32.785156+02:00
2021-08-31T06:00:00+02:00,EUR/USD,1.18195,1.18248,1.18168,1.18172,1200,2026-04-28T05:21:32.785156+02:00
2021-08-31T07:00:00+02:00,EUR/USD,1.18174,1.1828,1.18172,1.18276,1603,2026-04-28T05:21:32.785156+02:00
2021-08-31T08:00:00+02:00,EUR/USD,1.18278,1.18316,1.18232,1.1825,3020,2026-04-28T05:21:32.785156+02:00
2021-08-31T09:00:00+02:00,EUR/USD,1.18249,1.18304,1.18242,1.18276,3541,2026-04-28T05:21:32.785156+02:00
2021-08-31T10:00:00+02:00,EUR/USD,1.18278,1.18302,1.18201,1.18202,3495,2026-04-28T05:21:32.785156+02:00
2021-08-31T11:00:00+02:00,EUR/USD,1.18201,1.18302,1.18197,1.18236,4132,2026-04-28T05:21:32.785156+02:00
2021-08-31T12:00:00+02:00,EUR/USD,1.18234,1.18372,1.18228,1.18336,5124,2026-04-28T05:21:32.785156+02:00
2021-08-31T13:00:00+02:00,EUR/USD,1.18337,1.18452,1.18328,1.18398,5071,2026-04-28T05:21:32.785156+02:00
2021-08-31T14:00:00+02:00,EUR/USD,1.18399,1.18399,1.18308,1.18368,5275,2026-04-28T05:21:32.785156+02:00
2021-08-31T15:00:00+02:00,EUR/USD,1.18369,1.1838,1.18166,1.18207,8530,2026-04-28T05:21:32.785156+02:00
2021-08-31T16:00:00+02:00,EUR/USD,1.18206,1.18329,1.17994,1.18038,12600,2026-04-28T05:21:32.785156+02:00
2021-08-31T17:00:00+02:00,EUR/USD,1.18039,1.18094,1.17965,1.18002,9914,2026-04-28T05:21:32.785156+02:00
2021-08-31T18:00:00+02:00,EUR/USD,1.18002,1.18084,1.1798,1.1807,3048,2026-04-28T05:21:32.785156+02:00
2021-08-31T19:00:00+02:00,EUR/USD,1.1807,1.18096,1.18032,1.18086,2554,2026-04-28T05:21:32.785156+02:00
2021-08-31T20:00:00+02:00,EUR/USD,1.18085,1.18132,1.1806,1.1813,2597,2026-04-28T05:21:32.785156+02:00
2021-08-31T21:00:00+02:00,EUR/USD,1.18129,1.1813,1.1806,1.18072,1948,2026-04-28T05:21:32.785156+02:00
2021-08-31T22:00:00+02:00,EUR/USD,1.18071,1.18106,1.18062,1.18088,1058,2026-04-28T05:21:32.785156+02:00
2021-08-31T23:00:00+02:00,EUR/USD,1.18098,1.1811,1.18087,1.1809,44,2026-04-28T05:21:32.785156+02:00
2021-09-01T00:00:00+02:00,EUR/USD,1.18092,1.18115,1.18082,1.181,355,2026-04-28T05:21:32.785156+02:00
2021-09-01T01:00:00+02:00,EUR/USD,1.18102,1.1812,1.18077,1.18099,479,2026-04-28T05:21:32.785156+02:00
2021-09-01T02:00:00+02:00,EUR/USD,1.181,1.18112,1.18013,1.18029,1471,2026-04-28T05:21:32.785156+02:00
2021-09-01T03:00:00+02:00,EUR/USD,1.18028,1.18058,1.18008,1.18038,1718,2026-04-28T05:21:32.785156+02:00
2021-09-01T04:00:00+02:00,EUR/USD,1.18039,1.18059,1.18,1.18032,1377,2026-04-28T05:21:32.785156+02:00
2021-09-01T05:00:00+02:00,EUR/USD,1.18033,1.18066,1.18021,1.18045,910,2026-04-28T05:21:32.785156+02:00
2021-09-01T06:00:00+02:00,EUR/USD,1.18044,1.18048,1.17988,1.17996,749,2026-04-28T05:21:32.785156+02:00
2021-09-01T07:00:00+02:00,EUR/USD,1.17998,1.18004,1.17953,1.17992,1794,2026-04-28T05:21:32.785156+02:00
2021-09-01T08:00:00+02:00,EUR/USD,1.17994,1.18116,1.17937,1.18094,5644,2026-04-28T05:21:32.785156+02:00
2021-09-01T09:00:00+02:00,EUR/USD,1.18093,1.18136,1.17954,1.18056,6312,2026-04-28T05:21:32.785156+02:00
2021-09-01T10:00:00+02:00,EUR/USD,1.18058,1.18166,1.18025,1.18141,4235,2026-04-28T05:21:32.785156+02:00
2021-09-01T11:00:00+02:00,EUR/USD,1.1814,1.18188,1.18114,1.1817,3833,2026-04-28T05:21:32.785156+02:00
2021-09-01T12:00:00+02:00,EUR/USD,1.18172,1.18236,1.18156,1.18203,2990,2026-04-28T05:21:32.785156+02:00
2021-09-01T13:00:00+02:00,EUR/USD,1.18205,1.18226,1.1813,1.1814,3563,2026-04-28T05:21:32.785156+02:00
2021-09-01T14:00:00+02:00,EUR/USD,1.18141,1.18398,1.18138,1.18379,8547,2026-04-28T05:21:32.785156+02:00
2021-09-01T15:00:00+02:00,EUR/USD,1.18381,1.18486,1.1833,1.18441,6519,2026-04-28T05:21:32.785156+02:00
2021-09-01T16:00:00+02:00,EUR/USD,1.18439,1.18573,1.18333,1.1854,8734,2026-04-28T05:21:32.785156+02:00
2021-09-01T17:00:00+02:00,EUR/USD,1.18541,1.18566,1.18468,1.18498,4224,2026-04-28T05:21:32.785156+02:00
2021-09-01T18:00:00+02:00,EUR/USD,1.18499,1.18565,1.18474,1.18482,2254,2026-04-28T05:21:32.785156+02:00
2021-09-01T19:00:00+02:00,EUR/USD,1.18482,1.18511,1.18424,1.18429,1970,2026-04-28T05:21:32.785156+02:00
2021-09-01T20:00:00+02:00,EUR/USD,1.18432,1.18476,1.18411,1.18466,2252,2026-04-28T05:21:32.785156+02:00
2021-09-01T21:00:00+02:00,EUR/USD,1.18465,1.18467,1.18382,1.18383,1653,2026-04-28T05:21:32.785156+02:00
2021-09-01T22:00:00+02:00,EUR/USD,1.18384,1.18406,1.18376,1.184,1004,2026-04-28T05:21:32.785156+02:00
2021-09-01T23:00:00+02:00,EUR/USD,1.18416,1.18425,1.18382,1.18394,81,2026-04-28T05:21:32.785156+02:00
2021-09-02T00:00:00+02:00,EUR/USD,1.18401,1.18422,1.18396,1.18408,299,2026-04-28T05:21:32.785156+02:00
2021-09-02T01:00:00+02:00,EUR/USD,1.1841,1.18422,1.18403,1.18409,236,2026-04-28T05:21:32.785156+02:00
2021-09-02T02:00:00+02:00,EUR/USD,1.1841,1.18462,1.18399,1.1845,1472,2026-04-28T05:21:32.785156+02:00
2021-09-02T03:00:00+02:00,EUR/USD,1.18448,1.18455,1.18378,1.18393,1009,2026-04-28T05:21:32.785156+02:00
2021-09-02T04:00:00+02:00,EUR/USD,1.18391,1.18408,1.18369,1.18392,795,2026-04-28T05:21:32.785156+02:00
2021-09-02T05:00:00+02:00,EUR/USD,1.1839,1.184,1.18368,1.18378,759,2026-04-28T05:21:32.785156+02:00
2021-09-02T06:00:00+02:00,EUR/USD,1.18379,1.18385,1.18346,1.18347,582,2026-04-28T05:21:32.785156+02:00
2021-09-02T07:00:00+02:00,EUR/USD,1.18346,1.1844,1.18344,1.18434,974,2026-04-28T05:21:32.785156+02:00
2021-09-02T08:00:00+02:00,EUR/USD,1.18434,1.18466,1.184,1.18456,2848,2026-04-28T05:21:32.785156+02:00
2021-09-02T09:00:00+02:00,EUR/USD,1.18457,1.18516,1.18402,1.18476,3898,2026-04-28T05:21:32.785156+02:00
2021-09-02T10:00:00+02:00,EUR/USD,1.18474,1.185,1.18433,1.18457,3566,2026-04-28T05:21:32.785156+02:00
2021-09-02T11:00:00+02:00,EUR/USD,1.18458,1.18533,1.1843,1.18517,3168,2026-04-28T05:21:32.785156+02:00
2021-09-02T12:00:00+02:00,EUR/USD,1.18516,1.18559,1.1849,1.18548,2484,2026-04-28T05:21:32.785156+02:00
2021-09-02T13:00:00+02:00,EUR/USD,1.18546,1.18548,1.18464,1.1847,3458,2026-04-28T05:21:32.785156+02:00
2021-09-02T14:00:00+02:00,EUR/USD,1.1847,1.18501,1.18366,1.18474,4864,2026-04-28T05:21:32.785156+02:00
2021-09-02T15:00:00+02:00,EUR/USD,1.18472,1.18626,1.18464,1.18588,5496,2026-04-28T05:21:32.785156+02:00
2021-09-02T16:00:00+02:00,EUR/USD,1.18589,1.18689,1.18501,1.1868,6400,2026-04-28T05:21:32.785156+02:00
2021-09-02T17:00:00+02:00,EUR/USD,1.18678,1.18711,1.18572,1.18574,3670,2026-04-28T05:21:32.785156+02:00
2021-09-02T18:00:00+02:00,EUR/USD,1.18574,1.18667,1.1857,1.1865,2023,2026-04-28T05:21:32.785156+02:00
2021-09-02T19:00:00+02:00,EUR/USD,1.18649,1.18711,1.18644,1.1871,1847,2026-04-28T05:21:32.785156+02:00
2021-09-02T20:00:00+02:00,EUR/USD,1.18709,1.18747,1.18692,1.18746,1873,2026-04-28T05:21:32.785156+02:00
2021-09-02T21:00:00+02:00,EUR/USD,1.18745,1.18761,1.18728,1.1874,1538,2026-04-28T05:21:32.785156+02:00
2021-09-02T22:00:00+02:00,EUR/USD,1.18742,1.18761,1.18721,1.1875,785,2026-04-28T05:21:32.785156+02:00
2021-09-02T23:00:00+02:00,EUR/USD,1.18754,1.18759,1.18722,1.18739,203,2026-04-28T05:21:32.785156+02:00
2021-09-03T00:00:00+02:00,EUR/USD,1.18736,1.18756,1.18736,1.18743,163,2026-04-28T05:21:32.785156+02:00
2021-09-03T01:00:00+02:00,EUR/USD,1.18744,1.18746,1.18731,1.18738,237,2026-04-28T05:21:32.785156+02:00
2021-09-03T02:00:00+02:00,EUR/USD,1.1874,1.18828,1.18734,1.1882,1330,2026-04-28T05:21:32.785156+02:00
2021-09-03T03:00:00+02:00,EUR/USD,1.18822,1.18839,1.18778,1.18825,1359,2026-04-28T05:21:32.785156+02:00
2021-09-03T04:00:00+02:00,EUR/USD,1.18826,1.18842,1.18788,1.18789,1324,2026-04-28T05:21:32.785156+02:00
2021-09-03T05:00:00+02:00,EUR/USD,1.1879,1.18801,1.18773,1.18788,994,2026-04-28T05:21:32.785156+02:00
2021-09-03T06:00:00+02:00,EUR/USD,1.1879,1.18795,1.18762,1.18763,770,2026-04-28T05:21:32.785156+02:00
2021-09-03T07:00:00+02:00,EUR/USD,1.18764,1.1881,1.18756,1.18795,1079,2026-04-28T05:21:32.785156+02:00
2021-09-03T08:00:00+02:00,EUR/USD,1.18796,1.18808,1.18736,1.18774,2177,2026-04-28T05:21:32.785156+02:00
2021-09-03T09:00:00+02:00,EUR/USD,1.18776,1.18822,1.18714,1.1875,3788,2026-04-28T05:21:32.785156+02:00
2021-09-03T10:00:00+02:00,EUR/USD,1.18748,1.18829,1.18738,1.18748,3396,2026-04-28T05:21:32.785156+02:00
2021-09-03T11:00:00+02:00,EUR/USD,1.18746,1.18747,1.18664,1.18698,2960,2026-04-28T05:21:32.785156+02:00
2021-09-03T12:00:00+02:00,EUR/USD,1.187,1.18726,1.18688,1.18697,2404,2026-04-28T05:21:32.785156+02:00
2021-09-03T13:00:00+02:00,EUR/USD,1.18696,1.18774,1.18695,1.18732,2891,2026-04-28T05:21:32.785156+02:00
2021-09-03T14:00:00+02:00,EUR/USD,1.18734,1.19092,1.18658,1.18914,18801,2026-04-28T05:21:32.785156+02:00
2021-09-03T15:00:00+02:00,EUR/USD,1.18916,1.1905,1.18764,1.18882,13003,2026-04-28T05:21:32.785156+02:00
2021-09-03T16:00:00+02:00,EUR/USD,1.18883,1.18899,1.18716,1.18812,10136,2026-04-28T05:21:32.785156+02:00
2021-09-03T17:00:00+02:00,EUR/USD,1.18811,1.18902,1.18769,1.18836,4589,2026-04-28T05:21:32.785156+02:00
2021-09-03T18:00:00+02:00,EUR/USD,1.18834,1.189,1.18816,1.18895,1638,2026-04-28T05:21:32.785156+02:00
2021-09-03T19:00:00+02:00,EUR/USD,1.18897,1.18981,1.18891,1.18953,1816,2026-04-28T05:21:32.785156+02:00
2021-09-03T20:00:00+02:00,EUR/USD,1.18952,1.18968,1.18894,1.18912,1183,2026-04-28T05:21:32.785156+02:00
2021-09-03T21:00:00+02:00,EUR/USD,1.18911,1.18911,1.18801,1.18802,1502,2026-04-28T05:21:32.785156+02:00
2021-09-03T22:00:00+02:00,EUR/USD,1.18803,1.1881,1.1875,1.18791,1551,2026-04-28T05:21:32.785156+02:00
2021-09-05T23:00:00+02:00,EUR/USD,1.18802,1.18817,1.1879,1.18792,71,2026-04-28T05:21:32.785156+02:00
2021-09-06T00:00:00+02:00,EUR/USD,1.18798,1.18839,1.18786,1.188,331,2026-04-28T05:21:32.785156+02:00
2021-09-06T01:00:00+02:00,EUR/USD,1.18798,1.18864,1.18795,1.18855,501,2026-04-28T05:21:32.785156+02:00
2021-09-06T02:00:00+02:00,EUR/USD,1.18856,1.1886,1.18762,1.18788,1254,2026-04-28T05:21:32.785156+02:00
2021-09-06T03:00:00+02:00,EUR/USD,1.18786,1.18801,1.18757,1.18776,1116,2026-04-28T05:21:32.785156+02:00
2021-09-06T04:00:00+02:00,EUR/USD,1.18774,1.18776,1.18716,1.1874,901,2026-04-28T05:21:32.785156+02:00
2021-09-06T05:00:00+02:00,EUR/USD,1.1874,1.18742,1.1865,1.1868,882,2026-04-28T05:21:32.785156+02:00
2021-09-06T06:00:00+02:00,EUR/USD,1.18679,1.18704,1.18668,1.18694,593,2026-04-28T05:21:32.785156+02:00
2021-09-06T07:00:00+02:00,EUR/USD,1.18692,1.18729,1.18666,1.18714,784,2026-04-28T05:21:32.785156+02:00
2021-09-06T08:00:00+02:00,EUR/USD,1.18714,1.18752,1.18683,1.1872,1923,2026-04-28T05:21:32.785156+02:00
2021-09-06T09:00:00+02:00,EUR/USD,1.18722,1.18732,1.18602,1.1863,2681,2026-04-28T05:21:32.785156+02:00
2021-09-06T10:00:00+02:00,EUR/USD,1.18632,1.18686,1.1861,1.18642,2881,2026-04-28T05:21:32.785156+02:00
2021-09-06T11:00:00+02:00,EUR/USD,1.18641,1.1867,1.1856,1.18606,2769,2026-04-28T05:21:32.785156+02:00
2021-09-06T12:00:00+02:00,EUR/USD,1.18607,1.18662,1.18594,1.18647,2168,2026-04-28T05:21:32.785156+02:00
2021-09-06T13:00:00+02:00,EUR/USD,1.18646,1.18668,1.18606,1.18618,2006,2026-04-28T05:21:32.785156+02:00
2021-09-06T14:00:00+02:00,EUR/USD,1.18619,1.18672,1.186,1.18664,1831,2026-04-28T05:21:32.785156+02:00
2021-09-06T15:00:00+02:00,EUR/USD,1.18662,1.18706,1.18654,1.18675,2845,2026-04-28T05:21:32.785156+02:00
2021-09-06T16:00:00+02:00,EUR/USD,1.18676,1.18711,1.18577,1.18624,2842,2026-04-28T05:21:32.785156+02:00
2021-09-06T17:00:00+02:00,EUR/USD,1.18622,1.18672,1.18599,1.18658,1641,2026-04-28T05:21:32.785156+02:00
2021-09-06T18:00:00+02:00,EUR/USD,1.18658,1.18712,1.18652,1.18712,773,2026-04-28T05:21:32.785156+02:00
2021-09-06T19:00:00+02:00,EUR/USD,1.18712,1.18717,1.18688,1.1869,240,2026-04-28T05:21:32.785156+02:00
2021-09-06T20:00:00+02:00,EUR/USD,1.18693,1.18699,1.18686,1.18695,158,2026-04-28T05:21:32.785156+02:00
2021-09-06T21:00:00+02:00,EUR/USD,1.18696,1.18712,1.18682,1.18686,118,2026-04-28T05:21:32.785156+02:00
2021-09-06T22:00:00+02:00,EUR/USD,1.18688,1.18709,1.18686,1.18709,614,2026-04-28T05:21:32.785156+02:00
2021-09-06T23:00:00+02:00,EUR/USD,1.18705,1.18721,1.18686,1.18711,74,2026-04-28T05:21:32.785156+02:00
2021-09-07T00:00:00+02:00,EUR/USD,1.18714,1.1872,1.18706,1.18715,190,2026-04-28T05:21:32.785156+02:00
2021-09-07T01:00:00+02:00,EUR/USD,1.18716,1.18741,1.1871,1.18732,261,2026-04-28T05:21:32.785156+02:00
2021-09-07T02:00:00+02:00,EUR/USD,1.18734,1.18818,1.1873,1.18794,1339,2026-04-28T05:21:32.785156+02:00
2021-09-07T03:00:00+02:00,EUR/USD,1.18794,1.18853,1.18785,1.18826,995,2026-04-28T05:21:32.785156+02:00
2021-09-07T04:00:00+02:00,EUR/USD,1.18824,1.18826,1.18786,1.18804,646,2026-04-28T05:21:32.785156+02:00
2021-09-07T05:00:00+02:00,EUR/USD,1.18804,1.18828,1.18775,1.18787,876,2026-04-28T05:21:32.785156+02:00
2021-09-07T06:00:00+02:00,EUR/USD,1.18786,1.18824,1.1875,1.18754,1440,2026-04-28T05:21:32.785156+02:00
2021-09-07T07:00:00+02:00,EUR/USD,1.18756,1.18756,1.18708,1.18713,1905,2026-04-28T05:21:32.785156+02:00
2021-09-07T08:00:00+02:00,EUR/USD,1.18714,1.18743,1.1863,1.18713,3380,2026-04-28T05:21:32.785156+02:00
2021-09-07T09:00:00+02:00,EUR/USD,1.18712,1.18825,1.18666,1.18764,4671,2026-04-28T05:21:32.785156+02:00
2021-09-07T10:00:00+02:00,EUR/USD,1.18764,1.18765,1.18597,1.18761,4825,2026-04-28T05:21:32.785156+02:00
2021-09-07T11:00:00+02:00,EUR/USD,1.1876,1.18804,1.18624,1.18658,5433,2026-04-28T05:21:32.785156+02:00
2021-09-07T12:00:00+02:00,EUR/USD,1.18658,1.18752,1.18618,1.18748,4613,2026-04-28T05:21:32.785156+02:00
2021-09-07T13:00:00+02:00,EUR/USD,1.18746,1.18768,1.18582,1.18614,4427,2026-04-28T05:21:32.785156+02:00
2021-09-07T14:00:00+02:00,EUR/USD,1.18616,1.18652,1.18495,1.18507,4921,2026-04-28T05:21:32.785156+02:00
2021-09-07T15:00:00+02:00,EUR/USD,1.18506,1.18605,1.18438,1.18564,6806,2026-04-28T05:21:32.785156+02:00
2021-09-07T16:00:00+02:00,EUR/USD,1.18565,1.1858,1.18374,1.18463,8229,2026-04-28T05:21:32.785156+02:00
2021-09-07T17:00:00+02:00,EUR/USD,1.18464,1.18504,1.18378,1.18488,4220,2026-04-28T05:21:32.785156+02:00
2021-09-07T18:00:00+02:00,EUR/USD,1.1849,1.18498,1.18425,1.18454,2511,2026-04-28T05:21:32.785156+02:00
2021-09-07T19:00:00+02:00,EUR/USD,1.18456,1.18521,1.1843,1.18492,2309,2026-04-28T05:21:32.785156+02:00
2021-09-07T20:00:00+02:00,EUR/USD,1.18494,1.18534,1.18455,1.18457,2136,2026-04-28T05:21:32.785156+02:00
2021-09-07T21:00:00+02:00,EUR/USD,1.18458,1.18465,1.18382,1.18398,1913,2026-04-28T05:21:32.785156+02:00
2021-09-07T22:00:00+02:00,EUR/USD,1.18398,1.18426,1.18393,1.18422,1091,2026-04-28T05:21:32.785156+02:00
2021-09-07T23:00:00+02:00,EUR/USD,1.18408,1.1846,1.18402,1.1845,256,2026-04-28T05:21:32.785156+02:00
2021-09-08T00:00:00+02:00,EUR/USD,1.18448,1.18452,1.18426,1.1844,364,2026-04-28T05:21:32.785156+02:00
2021-09-08T01:00:00+02:00,EUR/USD,1.18442,1.18443,1.18416,1.1843,257,2026-04-28T05:21:32.785156+02:00
2021-09-08T02:00:00+02:00,EUR/USD,1.18428,1.18482,1.18406,1.1848,918,2026-04-28T05:21:32.785156+02:00
2021-09-08T03:00:00+02:00,EUR/USD,1.18479,1.18511,1.18456,1.18476,892,2026-04-28T05:21:32.785156+02:00
2021-09-08T04:00:00+02:00,EUR/USD,1.18478,1.18482,1.18446,1.1845,713,2026-04-28T05:21:32.785156+02:00
2021-09-08T05:00:00+02:00,EUR/USD,1.18451,1.18458,1.18406,1.18422,865,2026-04-28T05:21:32.785156+02:00
2021-09-08T06:00:00+02:00,EUR/USD,1.1842,1.18438,1.18413,1.18436,535,2026-04-28T05:21:32.785156+02:00
2021-09-08T07:00:00+02:00,EUR/USD,1.18435,1.18436,1.18352,1.18366,1260,2026-04-28T05:21:32.785156+02:00
2021-09-08T08:00:00+02:00,EUR/USD,1.18366,1.18384,1.18284,1.18335,4008,2026-04-28T05:21:32.785156+02:00
2021-09-08T09:00:00+02:00,EUR/USD,1.18333,1.18448,1.18304,1.18307,6219,2026-04-28T05:21:32.785156+02:00
2021-09-08T10:00:00+02:00,EUR/USD,1.18305,1.18308,1.18161,1.18216,6498,2026-04-28T05:21:32.785156+02:00
2021-09-08T11:00:00+02:00,EUR/USD,1.18215,1.18269,1.18126,1.18153,4124,2026-04-28T05:21:32.785156+02:00
2021-09-08T12:00:00+02:00,EUR/USD,1.18152,1.18223,1.1812,1.18176,3446,2026-04-28T05:21:32.785156+02:00
2021-09-08T13:00:00+02:00,EUR/USD,1.18174,1.1825,1.18159,1.18223,3678,2026-04-28T05:21:32.785156+02:00
2021-09-08T14:00:00+02:00,EUR/USD,1.18225,1.18296,1.18211,1.18212,5244,2026-04-28T05:21:32.785156+02:00
2021-09-08T15:00:00+02:00,EUR/USD,1.18211,1.18226,1.18088,1.18172,7408,2026-04-28T05:21:32.785156+02:00
2021-09-08T16:00:00+02:00,EUR/USD,1.18174,1.18192,1.1802,1.1812,10465,2026-04-28T05:21:32.785156+02:00
2021-09-08T17:00:00+02:00,EUR/USD,1.18121,1.18211,1.1811,1.18184,5857,2026-04-28T05:21:32.785156+02:00
2021-09-08T18:00:00+02:00,EUR/USD,1.18184,1.1829,1.18156,1.18188,3777,2026-04-28T05:21:32.785156+02:00
2021-09-08T19:00:00+02:00,EUR/USD,1.18187,1.18264,1.18167,1.18242,3142,2026-04-28T05:21:32.785156+02:00
2021-09-08T20:00:00+02:00,EUR/USD,1.1824,1.183,1.1824,1.18242,2525,2026-04-28T05:21:32.785156+02:00
2021-09-08T21:00:00+02:00,EUR/USD,1.1824,1.18252,1.18176,1.18178,1685,2026-04-28T05:21:32.785156+02:00
2021-09-08T22:00:00+02:00,EUR/USD,1.18176,1.18193,1.18154,1.18158,958,2026-04-28T05:21:32.785156+02:00
2021-09-08T23:00:00+02:00,EUR/USD,1.18166,1.18186,1.18162,1.18166,117,2026-04-28T05:21:32.785156+02:00
2021-09-09T00:00:00+02:00,EUR/USD,1.18169,1.18202,1.18169,1.18184,240,2026-04-28T05:21:32.785156+02:00
2021-09-09T01:00:00+02:00,EUR/USD,1.18183,1.1819,1.18178,1.18188,332,2026-04-28T05:21:32.785156+02:00
2021-09-09T02:00:00+02:00,EUR/USD,1.18186,1.18192,1.18124,1.18143,1020,2026-04-28T05:21:32.785156+02:00
2021-09-09T03:00:00+02:00,EUR/USD,1.18144,1.18211,1.18138,1.1821,1099,2026-04-28T05:21:32.785156+02:00
2021-09-09T04:00:00+02:00,EUR/USD,1.18211,1.18253,1.18207,1.18251,920,2026-04-28T05:21:32.785156+02:00
2021-09-09T05:00:00+02:00,EUR/USD,1.18252,1.18252,1.18178,1.18182,883,2026-04-28T05:21:32.785156+02:00
2021-09-09T06:00:00+02:00,EUR/USD,1.18184,1.18186,1.18114,1.18143,1028,2026-04-28T05:21:32.785156+02:00
2021-09-09T07:00:00+02:00,EUR/USD,1.18142,1.1817,1.18115,1.18132,1110,2026-04-28T05:21:32.785156+02:00
2021-09-09T08:00:00+02:00,EUR/USD,1.1813,1.18245,1.18122,1.18158,3489,2026-04-28T05:21:32.785156+02:00
2021-09-09T09:00:00+02:00,EUR/USD,1.18157,1.18276,1.18136,1.18224,4810,2026-04-28T05:21:32.785156+02:00
2021-09-09T10:00:00+02:00,EUR/USD,1.18222,1.18361,1.18222,1.18339,4271,2026-04-28T05:21:32.785156+02:00
2021-09-09T11:00:00+02:00,EUR/USD,1.18338,1.18338,1.18262,1.18328,3870,2026-04-28T05:21:32.785156+02:00
2021-09-09T12:00:00+02:00,EUR/USD,1.18325,1.18358,1.18302,1.1832,2629,2026-04-28T05:21:32.785156+02:00
2021-09-09T13:00:00+02:00,EUR/USD,1.18319,1.18414,1.18242,1.18399,6139,2026-04-28T05:21:32.785156+02:00
2021-09-09T14:00:00+02:00,EUR/USD,1.18401,1.18414,1.18082,1.18236,10317,2026-04-28T05:21:32.785156+02:00
2021-09-09T15:00:00+02:00,EUR/USD,1.18238,1.18348,1.18118,1.18156,11027,2026-04-28T05:21:32.785156+02:00
2021-09-09T16:00:00+02:00,EUR/USD,1.18154,1.18202,1.18052,1.18164,8120,2026-04-28T05:21:32.785156+02:00
2021-09-09T17:00:00+02:00,EUR/USD,1.18165,1.18278,1.18121,1.18272,4983,2026-04-28T05:21:32.785156+02:00
2021-09-09T18:00:00+02:00,EUR/USD,1.18272,1.1833,1.18248,1.18315,2575,2026-04-28T05:21:32.785156+02:00
2021-09-09T19:00:00+02:00,EUR/USD,1.18316,1.18397,1.18304,1.1834,3913,2026-04-28T05:21:32.785156+02:00
2021-09-09T20:00:00+02:00,EUR/USD,1.18341,1.18352,1.18282,1.18297,2342,2026-04-28T05:21:32.785156+02:00
2021-09-09T21:00:00+02:00,EUR/USD,1.18298,1.18306,1.18257,1.1826,1604,2026-04-28T05:21:32.785156+02:00
2021-09-09T22:00:00+02:00,EUR/USD,1.18262,1.18262,1.1822,1.18238,839,2026-04-28T05:21:32.785156+02:00
2021-09-09T23:00:00+02:00,EUR/USD,1.18252,1.1829,1.18242,1.18245,177,2026-04-28T05:21:32.785156+02:00
2021-09-10T00:00:00+02:00,EUR/USD,1.18254,1.18258,1.18236,1.18237,464,2026-04-28T05:21:32.785156+02:00
2021-09-10T01:00:00+02:00,EUR/USD,1.18238,1.18252,1.18224,1.18232,316,2026-04-28T05:21:32.785156+02:00
2021-09-10T02:00:00+02:00,EUR/USD,1.18234,1.18278,1.1823,1.18242,939,2026-04-28T05:21:32.785156+02:00
2021-09-10T03:00:00+02:00,EUR/USD,1.18241,1.18248,1.18189,1.18216,1268,2026-04-28T05:21:32.785156+02:00
2021-09-10T04:00:00+02:00,EUR/USD,1.18215,1.18327,1.18196,1.18325,1679,2026-04-28T05:21:32.785156+02:00
2021-09-10T05:00:00+02:00,EUR/USD,1.18326,1.1833,1.18291,1.18304,1330,2026-04-28T05:21:32.785156+02:00
2021-09-10T06:00:00+02:00,EUR/USD,1.18305,1.1831,1.18276,1.183,1047,2026-04-28T05:21:32.785156+02:00
2021-09-10T07:00:00+02:00,EUR/USD,1.18299,1.1834,1.18274,1.18276,1403,2026-04-28T05:21:32.785156+02:00
2021-09-10T08:00:00+02:00,EUR/USD,1.18275,1.1831,1.18246,1.1829,2841,2026-04-28T05:21:32.785156+02:00
2021-09-10T09:00:00+02:00,EUR/USD,1.18288,1.18442,1.18272,1.1842,5154,2026-04-28T05:21:32.785156+02:00
2021-09-10T10:00:00+02:00,EUR/USD,1.18422,1.18512,1.18419,1.1848,4389,2026-04-28T05:21:32.785156+02:00
2021-09-10T11:00:00+02:00,EUR/USD,1.18478,1.18482,1.18339,1.18358,3206,2026-04-28T05:21:32.785156+02:00
2021-09-10T12:00:00+02:00,EUR/USD,1.18357,1.18378,1.1827,1.18308,3516,2026-04-28T05:21:32.785156+02:00
2021-09-10T13:00:00+02:00,EUR/USD,1.18307,1.18375,1.18287,1.18336,3289,2026-04-28T05:21:32.785156+02:00
2021-09-10T14:00:00+02:00,EUR/USD,1.18338,1.18418,1.18262,1.18269,5086,2026-04-28T05:21:32.785156+02:00
2021-09-10T15:00:00+02:00,EUR/USD,1.1827,1.1835,1.18214,1.18348,6399,2026-04-28T05:21:32.785156+02:00
2021-09-10T16:00:00+02:00,EUR/USD,1.1835,1.18379,1.18298,1.18334,7436,2026-04-28T05:21:32.785156+02:00
2021-09-10T17:00:00+02:00,EUR/USD,1.18332,1.18342,1.18184,1.18218,6006,2026-04-28T05:21:32.785156+02:00
2021-09-10T18:00:00+02:00,EUR/USD,1.18216,1.18233,1.18157,1.18186,3513,2026-04-28T05:21:32.785156+02:00
2021-09-10T19:00:00+02:00,EUR/USD,1.18187,1.18188,1.18122,1.18153,2229,2026-04-28T05:21:32.785156+02:00
2021-09-10T20:00:00+02:00,EUR/USD,1.18154,1.18174,1.18122,1.18154,1948,2026-04-28T05:21:32.785156+02:00
2021-09-10T21:00:00+02:00,EUR/USD,1.18154,1.18168,1.18124,1.18128,2551,2026-04-28T05:21:32.785156+02:00
2021-09-10T22:00:00+02:00,EUR/USD,1.1813,1.18136,1.18095,1.18107,1255,2026-04-28T05:21:32.785156+02:00
2021-09-12T23:00:00+02:00,EUR/USD,1.18156,1.18164,1.18144,1.18151,33,2026-04-28T05:21:32.785156+02:00
2021-09-13T00:00:00+02:00,EUR/USD,1.18142,1.18149,1.18088,1.18122,587,2026-04-28T05:21:32.785156+02:00
2021-09-13T01:00:00+02:00,EUR/USD,1.18125,1.18129,1.18104,1.18116,278,2026-04-28T05:21:32.785156+02:00
2021-09-13T02:00:00+02:00,EUR/USD,1.18116,1.1813,1.18047,1.18054,925,2026-04-28T05:21:32.785156+02:00
2021-09-13T03:00:00+02:00,EUR/USD,1.18056,1.18066,1.18023,1.1803,1017,2026-04-28T05:21:32.785156+02:00
2021-09-13T04:00:00+02:00,EUR/USD,1.18032,1.18054,1.18023,1.18051,1018,2026-04-28T05:21:32.785156+02:00
2021-09-13T05:00:00+02:00,EUR/USD,1.1805,1.1807,1.1803,1.1805,736,2026-04-28T05:21:32.785156+02:00
2021-09-13T06:00:00+02:00,EUR/USD,1.18052,1.18058,1.17938,1.17958,1058,2026-04-28T05:21:32.785156+02:00
2021-09-13T07:00:00+02:00,EUR/USD,1.17956,1.17962,1.17878,1.17934,2092,2026-04-28T05:21:32.785156+02:00
2021-09-13T08:00:00+02:00,EUR/USD,1.17936,1.17952,1.17789,1.17795,4704,2026-04-28T05:21:32.785156+02:00
2021-09-13T09:00:00+02:00,EUR/USD,1.17794,1.1788,1.17746,1.17867,4565,2026-04-28T05:21:32.785156+02:00
2021-09-13T10:00:00+02:00,EUR/USD,1.17866,1.17912,1.1783,1.17896,3532,2026-04-28T05:21:32.785156+02:00
2021-09-13T11:00:00+02:00,EUR/USD,1.17894,1.1793,1.17866,1.17914,2369,2026-04-28T05:21:32.785156+02:00
2021-09-13T12:00:00+02:00,EUR/USD,1.17912,1.17926,1.17752,1.17758,3736,2026-04-28T05:21:32.785156+02:00
2021-09-13T13:00:00+02:00,EUR/USD,1.1776,1.17776,1.17701,1.1774,3408,2026-04-28T05:21:32.785156+02:00
2021-09-13T14:00:00+02:00,EUR/USD,1.17738,1.17866,1.17714,1.17827,5565,2026-04-28T05:21:32.785156+02:00
2021-09-13T15:00:00+02:00,EUR/USD,1.17828,1.18013,1.17828,1.18,6554,2026-04-28T05:21:32.785156+02:00
2021-09-13T16:00:00+02:00,EUR/USD,1.18002,1.1811,1.17924,1.18098,8117,2026-04-28T05:21:32.785156+02:00
2021-09-13T17:00:00+02:00,EUR/USD,1.18099,1.18171,1.18036,1.18089,4609,2026-04-28T05:21:32.785156+02:00
2021-09-13T18:00:00+02:00,EUR/USD,1.1809,1.18101,1.1806,1.18074,2099,2026-04-28T05:21:32.785156+02:00
2021-09-13T19:00:00+02:00,EUR/USD,1.18072,1.18092,1.18014,1.18027,2165,2026-04-28T05:21:32.785156+02:00
2021-09-13T20:00:00+02:00,EUR/USD,1.18028,1.18056,1.18019,1.18039,2169,2026-04-28T05:21:32.785156+02:00
2021-09-13T21:00:00+02:00,EUR/USD,1.18038,1.1808,1.18022,1.18074,2380,2026-04-28T05:21:32.785156+02:00
2021-09-13T22:00:00+02:00,EUR/USD,1.18076,1.18113,1.18073,1.18103,693,2026-04-28T05:21:32.785156+02:00
2021-09-13T23:00:00+02:00,EUR/USD,1.1811,1.18118,1.18079,1.18112,87,2026-04-28T05:21:32.785156+02:00
2021-09-14T00:00:00+02:00,EUR/USD,1.18107,1.18124,1.18102,1.18107,356,2026-04-28T05:21:32.785156+02:00
2021-09-14T01:00:00+02:00,EUR/USD,1.1811,1.18114,1.18092,1.18098,333,2026-04-28T05:21:32.785156+02:00
2021-09-14T02:00:00+02:00,EUR/USD,1.18097,1.18118,1.18056,1.18087,1048,2026-04-28T05:21:32.785156+02:00
2021-09-14T03:00:00+02:00,EUR/USD,1.18086,1.18122,1.18064,1.18083,1022,2026-04-28T05:21:32.785156+02:00
2021-09-14T04:00:00+02:00,EUR/USD,1.18084,1.1819,1.18078,1.18172,1405,2026-04-28T05:21:32.785156+02:00
2021-09-14T05:00:00+02:00,EUR/USD,1.18172,1.18172,1.18132,1.18158,993,2026-04-28T05:21:32.785156+02:00
2021-09-14T06:00:00+02:00,EUR/USD,1.18157,1.18176,1.18127,1.18132,743,2026-04-28T05:21:32.785156+02:00
2021-09-14T07:00:00+02:00,EUR/USD,1.1813,1.1816,1.18117,1.1813,1241,2026-04-28T05:21:32.785156+02:00
2021-09-14T08:00:00+02:00,EUR/USD,1.18132,1.18182,1.18066,1.1815,3735,2026-04-28T05:21:32.785156+02:00
2021-09-14T09:00:00+02:00,EUR/USD,1.1815,1.18301,1.18132,1.18247,5574,2026-04-28T05:21:32.785156+02:00
2021-09-14T10:00:00+02:00,EUR/USD,1.18246,1.18266,1.18207,1.18212,3379,2026-04-28T05:21:32.785156+02:00
2021-09-14T11:00:00+02:00,EUR/USD,1.18213,1.18244,1.18073,1.18146,3596,2026-04-28T05:21:32.785156+02:00
2021-09-14T12:00:00+02:00,EUR/USD,1.18148,1.18154,1.1803,1.18037,3173,2026-04-28T05:21:32.785156+02:00
2021-09-14T13:00:00+02:00,EUR/USD,1.18036,1.18127,1.18002,1.18096,3718,2026-04-28T05:21:32.785156+02:00
2021-09-14T14:00:00+02:00,EUR/USD,1.18098,1.18459,1.18074,1.18416,13674,2026-04-28T05:21:32.785156+02:00
2021-09-14T15:00:00+02:00,EUR/USD,1.18417,1.18458,1.18234,1.18275,9447,2026-04-28T05:21:32.785156+02:00
2021-09-14T16:00:00+02:00,EUR/USD,1.18274,1.18274,1.18158,1.18224,8049,2026-04-28T05:21:32.785156+02:00
2021-09-14T17:00:00+02:00,EUR/USD,1.18223,1.18252,1.1818,1.1823,3928,2026-04-28T05:21:32.785156+02:00
2021-09-14T18:00:00+02:00,EUR/USD,1.18228,1.18278,1.1821,1.1822,2380,2026-04-28T05:21:32.785156+02:00
2021-09-14T19:00:00+02:00,EUR/USD,1.18222,1.18262,1.18184,1.18232,2831,2026-04-28T05:21:32.785156+02:00
2021-09-14T20:00:00+02:00,EUR/USD,1.1823,1.18242,1.18077,1.18078,2611,2026-04-28T05:21:32.785156+02:00
2021-09-14T21:00:00+02:00,EUR/USD,1.18078,1.18082,1.18002,1.18048,2802,2026-04-28T05:21:32.785156+02:00
2021-09-14T22:00:00+02:00,EUR/USD,1.18046,1.18073,1.18038,1.1804,798,2026-04-28T05:21:32.785156+02:00
2021-09-14T23:00:00+02:00,EUR/USD,1.1808,1.18092,1.1803,1.18069,395,2026-04-28T05:21:32.785156+02:00
2021-09-15T00:00:00+02:00,EUR/USD,1.18064,1.18096,1.18005,1.18012,702,2026-04-28T05:21:32.785156+02:00
2021-09-15T01:00:00+02:00,EUR/USD,1.18014,1.18026,1.18006,1.18026,225,2026-04-28T05:21:32.785156+02:00
2021-09-15T02:00:00+02:00,EUR/USD,1.18024,1.18076,1.18007,1.18054,1224,2026-04-28T05:21:32.785156+02:00
2021-09-15T03:00:00+02:00,EUR/USD,1.18055,1.18121,1.18048,1.18086,1170,2026-04-28T05:21:32.785156+02:00
2021-09-15T04:00:00+02:00,EUR/USD,1.18085,1.18098,1.18037,1.18064,1530,2026-04-28T05:21:32.785156+02:00
2021-09-15T05:00:00+02:00,EUR/USD,1.18062,1.18098,1.18056,1.18062,979,2026-04-28T05:21:32.785156+02:00
2021-09-15T06:00:00+02:00,EUR/USD,1.18062,1.18093,1.18045,1.18052,862,2026-04-28T05:21:32.785156+02:00
2021-09-15T07:00:00+02:00,EUR/USD,1.18053,1.1807,1.18009,1.18057,1637,2026-04-28T05:21:32.785156+02:00
2021-09-15T08:00:00+02:00,EUR/USD,1.18057,1.18119,1.17993,1.18076,4966,2026-04-28T05:21:32.785156+02:00
2021-09-15T09:00:00+02:00,EUR/USD,1.18076,1.18186,1.18056,1.18168,4829,2026-04-28T05:21:32.785156+02:00
2021-09-15T10:00:00+02:00,EUR/USD,1.18167,1.18289,1.18142,1.18264,4151,2026-04-28T05:21:32.785156+02:00
2021-09-15T11:00:00+02:00,EUR/USD,1.18262,1.18286,1.182,1.18248,4202,2026-04-28T05:21:32.785156+02:00
2021-09-15T12:00:00+02:00,EUR/USD,1.18247,1.1832,1.18218,1.18279,3327,2026-04-28T05:21:32.785156+02:00
2021-09-15T13:00:00+02:00,EUR/USD,1.18278,1.1832,1.18173,1.18216,4171,2026-04-28T05:21:32.785156+02:00
2021-09-15T14:00:00+02:00,EUR/USD,1.18218,1.1832,1.18074,1.18116,8562,2026-04-28T05:21:32.785156+02:00
2021-09-15T15:00:00+02:00,EUR/USD,1.18117,1.18213,1.18088,1.18186,7994,2026-04-28T05:21:32.785156+02:00
2021-09-15T16:00:00+02:00,EUR/USD,1.18184,1.18228,1.1808,1.18188,8362,2026-04-28T05:21:32.785156+02:00
2021-09-15T17:00:00+02:00,EUR/USD,1.18188,1.18218,1.18097,1.18116,5034,2026-04-28T05:21:32.785156+02:00
2021-09-15T18:00:00+02:00,EUR/USD,1.18116,1.18131,1.18033,1.18038,2409,2026-04-28T05:21:32.785156+02:00
2021-09-15T19:00:00+02:00,EUR/USD,1.1804,1.18114,1.18036,1.18084,1776,2026-04-28T05:21:32.785156+02:00
2021-09-15T20:00:00+02:00,EUR/USD,1.18086,1.18095,1.18048,1.18077,1875,2026-04-28T05:21:32.785156+02:00
2021-09-15T21:00:00+02:00,EUR/USD,1.18078,1.18174,1.18064,1.18172,1724,2026-04-28T05:21:32.785156+02:00
2021-09-15T22:00:00+02:00,EUR/USD,1.1817,1.18182,1.18138,1.18158,743,2026-04-28T05:21:32.785156+02:00
2021-09-15T23:00:00+02:00,EUR/USD,1.18165,1.18178,1.18156,1.18168,81,2026-04-28T05:21:32.785156+02:00
2021-09-16T00:00:00+02:00,EUR/USD,1.18162,1.18208,1.18162,1.182,748,2026-04-28T05:21:32.785156+02:00
2021-09-16T01:00:00+02:00,EUR/USD,1.18202,1.18206,1.18176,1.18191,449,2026-04-28T05:21:32.785156+02:00
2021-09-16T02:00:00+02:00,EUR/USD,1.1819,1.18206,1.1816,1.18189,1195,2026-04-28T05:21:32.785156+02:00
2021-09-16T03:00:00+02:00,EUR/USD,1.18191,1.18201,1.18152,1.18185,1238,2026-04-28T05:21:32.785156+02:00
2021-09-16T04:00:00+02:00,EUR/USD,1.18186,1.18198,1.18163,1.1819,918,2026-04-28T05:21:32.785156+02:00
2021-09-16T05:00:00+02:00,EUR/USD,1.18189,1.18198,1.1812,1.18122,705,2026-04-28T05:21:32.785156+02:00
2021-09-16T06:00:00+02:00,EUR/USD,1.18123,1.18126,1.18093,1.18098,771,2026-04-28T05:21:32.785156+02:00
2021-09-16T07:00:00+02:00,EUR/USD,1.18099,1.1812,1.18028,1.18028,1402,2026-04-28T05:21:32.785156+02:00
2021-09-16T08:00:00+02:00,EUR/USD,1.18028,1.18073,1.17911,1.17918,5299,2026-04-28T05:21:32.785156+02:00
2021-09-16T09:00:00+02:00,EUR/USD,1.17917,1.17952,1.17779,1.17816,6347,2026-04-28T05:21:32.785156+02:00
2021-09-16T10:00:00+02:00,EUR/USD,1.17818,1.17847,1.17722,1.17727,5448,2026-04-28T05:21:32.785156+02:00
2021-09-16T11:00:00+02:00,EUR/USD,1.17726,1.17777,1.17662,1.1771,5260,2026-04-28T05:21:32.785156+02:00
2021-09-16T12:00:00+02:00,EUR/USD,1.17708,1.1772,1.17619,1.17662,3854,2026-04-28T05:21:32.785156+02:00
2021-09-16T13:00:00+02:00,EUR/USD,1.17663,1.17744,1.17656,1.17689,3629,2026-04-28T05:21:32.785156+02:00
2021-09-16T14:00:00+02:00,EUR/USD,1.17688,1.17699,1.17522,1.17552,10772,2026-04-28T05:21:32.785156+02:00
2021-09-16T15:00:00+02:00,EUR/USD,1.1755,1.17616,1.17505,1.17575,7470,2026-04-28T05:21:32.785156+02:00
2021-09-16T16:00:00+02:00,EUR/USD,1.17574,1.17686,1.17539,1.17627,6508,2026-04-28T05:21:32.785156+02:00
2021-09-16T17:00:00+02:00,EUR/USD,1.17628,1.1767,1.17554,1.17634,4185,2026-04-28T05:21:32.785156+02:00
2021-09-16T18:00:00+02:00,EUR/USD,1.17632,1.17644,1.17584,1.17597,2155,2026-04-28T05:21:32.785156+02:00
2021-09-16T19:00:00+02:00,EUR/USD,1.17596,1.17615,1.17538,1.17556,1735,2026-04-28T05:21:32.785156+02:00
2021-09-16T20:00:00+02:00,EUR/USD,1.17558,1.17572,1.17537,1.1754,1690,2026-04-28T05:21:32.785156+02:00
2021-09-16T21:00:00+02:00,EUR/USD,1.17541,1.17716,1.17534,1.1769,4440,2026-04-28T05:21:32.785156+02:00
2021-09-16T22:00:00+02:00,EUR/USD,1.17689,1.17714,1.17665,1.17688,1410,2026-04-28T05:21:32.785156+02:00
2021-09-16T23:00:00+02:00,EUR/USD,1.17678,1.17696,1.17633,1.17672,78,2026-04-28T05:21:32.785156+02:00
2021-09-17T00:00:00+02:00,EUR/USD,1.17668,1.17691,1.17641,1.17656,642,2026-04-28T05:21:32.785156+02:00
2021-09-17T01:00:00+02:00,EUR/USD,1.17657,1.1766,1.17644,1.1765,565,2026-04-28T05:21:32.785156+02:00
2021-09-17T02:00:00+02:00,EUR/USD,1.1765,1.17656,1.17592,1.17598,1549,2026-04-28T05:21:32.785156+02:00
2021-09-17T03:00:00+02:00,EUR/USD,1.176,1.17674,1.17588,1.17606,1492,2026-04-28T05:21:32.785156+02:00
2021-09-17T04:00:00+02:00,EUR/USD,1.17604,1.17684,1.17602,1.17673,1181,2026-04-28T05:21:32.785156+02:00
2021-09-17T05:00:00+02:00,EUR/USD,1.17674,1.17702,1.17662,1.1769,824,2026-04-28T05:21:32.785156+02:00
2021-09-17T06:00:00+02:00,EUR/USD,1.17689,1.17736,1.17688,1.17734,667,2026-04-28T05:21:32.785156+02:00
2021-09-17T07:00:00+02:00,EUR/USD,1.17734,1.17745,1.17679,1.17706,1115,2026-04-28T05:21:32.785156+02:00
2021-09-17T08:00:00+02:00,EUR/USD,1.17704,1.1775,1.17688,1.17724,3086,2026-04-28T05:21:32.785156+02:00
2021-09-17T09:00:00+02:00,EUR/USD,1.17722,1.1785,1.17716,1.17731,4879,2026-04-28T05:21:32.785156+02:00
2021-09-17T10:00:00+02:00,EUR/USD,1.1773,1.17832,1.17684,1.17772,4455,2026-04-28T05:21:32.785156+02:00
2021-09-17T11:00:00+02:00,EUR/USD,1.17774,1.17878,1.1774,1.17822,6466,2026-04-28T05:21:32.785156+02:00
2021-09-17T12:00:00+02:00,EUR/USD,1.1782,1.1786,1.17787,1.17828,4203,2026-04-28T05:21:32.785156+02:00
2021-09-17T13:00:00+02:00,EUR/USD,1.17827,1.17886,1.17758,1.17884,4015,2026-04-28T05:21:32.785156+02:00
2021-09-17T14:00:00+02:00,EUR/USD,1.17886,1.1789,1.17727,1.17738,5186,2026-04-28T05:21:32.785156+02:00
2021-09-17T15:00:00+02:00,EUR/USD,1.17736,1.1775,1.17506,1.17538,8081,2026-04-28T05:21:32.785156+02:00
2021-09-17T16:00:00+02:00,EUR/USD,1.17537,1.17572,1.17344,1.17379,8837,2026-04-28T05:21:32.785156+02:00
2021-09-17T17:00:00+02:00,EUR/USD,1.17378,1.17406,1.17288,1.17336,6008,2026-04-28T05:21:32.785156+02:00
2021-09-17T18:00:00+02:00,EUR/USD,1.17338,1.17368,1.17247,1.17256,2602,2026-04-28T05:21:32.785156+02:00
2021-09-17T19:00:00+02:00,EUR/USD,1.17258,1.17322,1.17246,1.1727,2087,2026-04-28T05:21:32.785156+02:00
2021-09-17T20:00:00+02:00,EUR/USD,1.17271,1.17302,1.17254,1.17293,1895,2026-04-28T05:21:32.785156+02:00
2021-09-17T21:00:00+02:00,EUR/USD,1.17292,1.17324,1.1729,1.17306,1512,2026-04-28T05:21:32.785156+02:00
2021-09-17T22:00:00+02:00,EUR/USD,1.17304,1.17312,1.17243,1.17243,1085,2026-04-28T05:21:32.785156+02:00
2021-09-19T23:00:00+02:00,EUR/USD,1.17319,1.1732,1.17263,1.17284,58,2026-04-28T05:21:32.785156+02:00
2021-09-20T00:00:00+02:00,EUR/USD,1.17278,1.17298,1.17234,1.1727,563,2026-04-28T05:21:32.785156+02:00
2021-09-20T01:00:00+02:00,EUR/USD,1.17272,1.17296,1.17262,1.17296,385,2026-04-28T05:21:32.785156+02:00
2021-09-20T02:00:00+02:00,EUR/USD,1.17294,1.17298,1.17228,1.17236,536,2026-04-28T05:21:32.785156+02:00
2021-09-20T03:00:00+02:00,EUR/USD,1.17238,1.1724,1.17183,1.17186,736,2026-04-28T05:21:32.785156+02:00
2021-09-20T04:00:00+02:00,EUR/USD,1.17184,1.17191,1.17105,1.17124,2255,2026-04-28T05:21:32.785156+02:00
2021-09-20T05:00:00+02:00,EUR/USD,1.17122,1.17152,1.17097,1.17108,1035,2026-04-28T05:21:32.785156+02:00
2021-09-20T06:00:00+02:00,EUR/USD,1.17106,1.17158,1.17101,1.17151,629,2026-04-28T05:21:32.785156+02:00
2021-09-20T07:00:00+02:00,EUR/USD,1.1715,1.17181,1.17134,1.17172,841,2026-04-28T05:21:32.785156+02:00
2021-09-20T08:00:00+02:00,EUR/USD,1.17168,1.1718,1.17112,1.17146,3235,2026-04-28T05:21:32.785156+02:00
2021-09-20T09:00:00+02:00,EUR/USD,1.17144,1.17184,1.1706,1.1711,5859,2026-04-28T05:21:32.785156+02:00
2021-09-20T10:00:00+02:00,EUR/USD,1.17109,1.17137,1.17051,1.17096,4418,2026-04-28T05:21:32.785156+02:00
2021-09-20T11:00:00+02:00,EUR/USD,1.17098,1.171,1.17002,1.17066,3865,2026-04-28T05:21:32.785156+02:00
2021-09-20T12:00:00+02:00,EUR/USD,1.17067,1.17164,1.17062,1.17128,3578,2026-04-28T05:21:32.785156+02:00
2021-09-20T13:00:00+02:00,EUR/USD,1.17128,1.17136,1.17033,1.17055,3864,2026-04-28T05:21:32.785156+02:00
2021-09-20T14:00:00+02:00,EUR/USD,1.17054,1.17171,1.17052,1.17145,6546,2026-04-28T05:21:32.785156+02:00
2021-09-20T15:00:00+02:00,EUR/USD,1.17144,1.17185,1.17115,1.17184,7044,2026-04-28T05:21:32.785156+02:00
2021-09-20T16:00:00+02:00,EUR/USD,1.17182,1.17304,1.17129,1.1724,7033,2026-04-28T05:21:32.785156+02:00
2021-09-20T17:00:00+02:00,EUR/USD,1.17242,1.17365,1.17237,1.17284,4542,2026-04-28T05:21:32.785156+02:00
2021-09-20T18:00:00+02:00,EUR/USD,1.17286,1.17343,1.17222,1.17224,3295,2026-04-28T05:21:32.785156+02:00
2021-09-20T19:00:00+02:00,EUR/USD,1.17226,1.17312,1.17222,1.17258,2412,2026-04-28T05:21:32.785156+02:00
2021-09-20T20:00:00+02:00,EUR/USD,1.1726,1.17282,1.17226,1.17244,2514,2026-04-28T05:21:32.785156+02:00
2021-09-20T21:00:00+02:00,EUR/USD,1.17246,1.17306,1.17222,1.17302,2559,2026-04-28T05:21:32.785156+02:00
2021-09-20T22:00:00+02:00,EUR/USD,1.17302,1.17305,1.17253,1.17267,810,2026-04-28T05:21:32.785156+02:00
2021-09-20T23:00:00+02:00,EUR/USD,1.1726,1.17319,1.1726,1.17273,149,2026-04-28T05:21:32.785156+02:00
2021-09-21T00:00:00+02:00,EUR/USD,1.17279,1.17304,1.17274,1.17279,392,2026-04-28T05:21:32.785156+02:00
2021-09-21T01:00:00+02:00,EUR/USD,1.1728,1.17287,1.17252,1.1727,648,2026-04-28T05:21:32.785156+02:00
2021-09-21T02:00:00+02:00,EUR/USD,1.17268,1.17306,1.1725,1.17256,1315,2026-04-28T05:21:32.785156+02:00
2021-09-21T03:00:00+02:00,EUR/USD,1.17255,1.17396,1.17235,1.1739,2053,2026-04-28T05:21:32.785156+02:00
2021-09-21T04:00:00+02:00,EUR/USD,1.17388,1.17402,1.17322,1.17324,1019,2026-04-28T05:21:32.785156+02:00
2021-09-21T05:00:00+02:00,EUR/USD,1.17322,1.17327,1.17296,1.1732,1078,2026-04-28T05:21:32.785156+02:00
2021-09-21T06:00:00+02:00,EUR/USD,1.17318,1.1735,1.17298,1.17318,741,2026-04-28T05:21:32.785156+02:00
2021-09-21T07:00:00+02:00,EUR/USD,1.17319,1.1736,1.17315,1.17337,949,2026-04-28T05:21:32.785156+02:00
2021-09-21T08:00:00+02:00,EUR/USD,1.17336,1.17374,1.17295,1.17314,3451,2026-04-28T05:21:32.785156+02:00
2021-09-21T09:00:00+02:00,EUR/USD,1.17313,1.17344,1.17184,1.1727,5517,2026-04-28T05:21:32.785156+02:00
2021-09-21T10:00:00+02:00,EUR/USD,1.17268,1.1737,1.17228,1.17341,4862,2026-04-28T05:21:32.785156+02:00
2021-09-21T11:00:00+02:00,EUR/USD,1.17342,1.17382,1.173,1.17371,3883,2026-04-28T05:21:32.785156+02:00
2021-09-21T12:00:00+02:00,EUR/USD,1.17372,1.17389,1.17321,1.17357,3062,2026-04-28T05:21:32.785156+02:00
2021-09-21T13:00:00+02:00,EUR/USD,1.17358,1.17459,1.17334,1.17445,3312,2026-04-28T05:21:32.785156+02:00
2021-09-21T14:00:00+02:00,EUR/USD,1.17446,1.17487,1.17336,1.17396,8169,2026-04-28T05:21:32.785156+02:00
2021-09-21T15:00:00+02:00,EUR/USD,1.17398,1.17418,1.1728,1.17307,7859,2026-04-28T05:21:32.785156+02:00
2021-09-21T16:00:00+02:00,EUR/USD,1.17308,1.17316,1.17168,1.17244,8296,2026-04-28T05:21:32.785156+02:00
2021-09-21T17:00:00+02:00,EUR/USD,1.17246,1.17262,1.17148,1.17244,5210,2026-04-28T05:21:32.785156+02:00
2021-09-21T18:00:00+02:00,EUR/USD,1.17245,1.17294,1.17226,1.17286,2980,2026-04-28T05:21:32.785156+02:00
2021-09-21T19:00:00+02:00,EUR/USD,1.17284,1.17298,1.17188,1.17262,3310,2026-04-28T05:21:32.785156+02:00
2021-09-21T20:00:00+02:00,EUR/USD,1.17262,1.1731,1.17251,1.17262,2859,2026-04-28T05:21:32.785156+02:00
2021-09-21T21:00:00+02:00,EUR/USD,1.17262,1.17324,1.1725,1.17294,2254,2026-04-28T05:21:32.785156+02:00
2021-09-21T22:00:00+02:00,EUR/USD,1.17292,1.17294,1.17238,1.17255,1024,2026-04-28T05:21:32.785156+02:00
2021-09-21T23:00:00+02:00,EUR/USD,1.17256,1.17292,1.17256,1.17266,53,2026-04-28T05:21:32.785156+02:00
2021-09-22T00:00:00+02:00,EUR/USD,1.1726,1.17279,1.17242,1.17243,290,2026-04-28T05:21:32.785156+02:00
2021-09-22T01:00:00+02:00,EUR/USD,1.17244,1.17244,1.1722,1.17229,350,2026-04-28T05:21:32.785156+02:00
2021-09-22T02:00:00+02:00,EUR/USD,1.1723,1.1725,1.17169,1.17196,1109,2026-04-28T05:21:32.785156+02:00
2021-09-22T03:00:00+02:00,EUR/USD,1.17194,1.17306,1.17166,1.1728,3951,2026-04-28T05:21:32.785156+02:00
2021-09-22T04:00:00+02:00,EUR/USD,1.17278,1.17282,1.17239,1.1725,972,2026-04-28T05:21:32.785156+02:00
2021-09-22T05:00:00+02:00,EUR/USD,1.17252,1.17252,1.1719,1.172,775,2026-04-28T05:21:32.785156+02:00
2021-09-22T06:00:00+02:00,EUR/USD,1.17198,1.17236,1.17168,1.17219,760,2026-04-28T05:21:32.785156+02:00
2021-09-22T07:00:00+02:00,EUR/USD,1.17218,1.17262,1.17215,1.17226,1035,2026-04-28T05:21:32.785156+02:00
2021-09-22T08:00:00+02:00,EUR/USD,1.17224,1.17286,1.1717,1.17278,3357,2026-04-28T05:21:32.785156+02:00
2021-09-22T09:00:00+02:00,EUR/USD,1.17276,1.17376,1.17237,1.17287,5593,2026-04-28T05:21:32.785156+02:00
2021-09-22T10:00:00+02:00,EUR/USD,1.17286,1.17348,1.1724,1.17342,3790,2026-04-28T05:21:32.785156+02:00
2021-09-22T11:00:00+02:00,EUR/USD,1.17344,1.1737,1.17284,1.17286,3085,2026-04-28T05:21:32.785156+02:00
2021-09-22T12:00:00+02:00,EUR/USD,1.17287,1.17356,1.17285,1.1734,2475,2026-04-28T05:21:32.785156+02:00
2021-09-22T13:00:00+02:00,EUR/USD,1.17339,1.17344,1.17244,1.17262,2356,2026-04-28T05:21:32.785156+02:00
2021-09-22T14:00:00+02:00,EUR/USD,1.17262,1.17334,1.1725,1.17296,4024,2026-04-28T05:21:32.785156+02:00
2021-09-22T15:00:00+02:00,EUR/USD,1.17298,1.17336,1.17243,1.17311,5276,2026-04-28T05:21:32.785156+02:00
2021-09-22T16:00:00+02:00,EUR/USD,1.17312,1.17448,1.17287,1.1735,6267,2026-04-28T05:21:32.785156+02:00
2021-09-22T17:00:00+02:00,EUR/USD,1.17348,1.1741,1.17328,1.17382,4246,2026-04-28T05:21:32.785156+02:00
2021-09-22T18:00:00+02:00,EUR/USD,1.17384,1.17418,1.1733,1.17354,3050,2026-04-28T05:21:32.785156+02:00
2021-09-22T19:00:00+02:00,EUR/USD,1.17353,1.17378,1.17218,1.17292,2664,2026-04-28T05:21:32.785156+02:00
2021-09-22T20:00:00+02:00,EUR/USD,1.17285,1.17556,1.16904,1.16932,33257,2026-04-28T05:21:32.785156+02:00
2021-09-22T21:00:00+02:00,EUR/USD,1.16934,1.17118,1.16844,1.1695,14869,2026-04-28T05:21:32.785156+02:00
2021-09-22T22:00:00+02:00,EUR/USD,1.16949,1.16964,1.1688,1.1688,1521,2026-04-28T05:21:32.785156+02:00
2021-09-22T23:00:00+02:00,EUR/USD,1.1689,1.16942,1.16882,1.16934,203,2026-04-28T05:21:32.785156+02:00
2021-09-23T00:00:00+02:00,EUR/USD,1.16936,1.1695,1.1692,1.16944,326,2026-04-28T05:21:32.785156+02:00
2021-09-23T01:00:00+02:00,EUR/USD,1.16946,1.16946,1.16868,1.16874,571,2026-04-28T05:21:32.785156+02:00
2021-09-23T02:00:00+02:00,EUR/USD,1.16875,1.169,1.16834,1.16888,1110,2026-04-28T05:21:32.785156+02:00
2021-09-23T03:00:00+02:00,EUR/USD,1.16887,1.1695,1.16864,1.1695,1067,2026-04-28T05:21:32.785156+02:00
2021-09-23T04:00:00+02:00,EUR/USD,1.16948,1.16986,1.16896,1.16972,1204,2026-04-28T05:21:32.785156+02:00
2021-09-23T05:00:00+02:00,EUR/USD,1.16974,1.17094,1.16973,1.17068,1053,2026-04-28T05:21:32.785156+02:00
2021-09-23T06:00:00+02:00,EUR/USD,1.17069,1.17098,1.17051,1.17096,687,2026-04-28T05:21:32.785156+02:00
2021-09-23T07:00:00+02:00,EUR/USD,1.17096,1.17133,1.17076,1.17092,830,2026-04-28T05:21:32.785156+02:00
2021-09-23T08:00:00+02:00,EUR/USD,1.17092,1.17174,1.17063,1.17148,4285,2026-04-28T05:21:32.785156+02:00
2021-09-23T09:00:00+02:00,EUR/USD,1.17146,1.17246,1.17061,1.17152,7306,2026-04-28T05:21:32.785156+02:00
2021-09-23T10:00:00+02:00,EUR/USD,1.17154,1.17292,1.171,1.17209,5753,2026-04-28T05:21:32.785156+02:00
2021-09-23T11:00:00+02:00,EUR/USD,1.1721,1.17327,1.17196,1.1722,5838,2026-04-28T05:21:32.785156+02:00
2021-09-23T12:00:00+02:00,EUR/USD,1.17221,1.1726,1.17111,1.17162,7541,2026-04-28T05:21:32.785156+02:00
2021-09-23T13:00:00+02:00,EUR/USD,1.17164,1.17202,1.17114,1.17154,6405,2026-04-28T05:21:32.785156+02:00
2021-09-23T14:00:00+02:00,EUR/USD,1.17155,1.17326,1.1714,1.17292,6452,2026-04-28T05:21:32.785156+02:00
2021-09-23T15:00:00+02:00,EUR/USD,1.1729,1.17398,1.17214,1.1739,8267,2026-04-28T05:21:32.785156+02:00
2021-09-23T16:00:00+02:00,EUR/USD,1.1739,1.175,1.17376,1.17488,7865,2026-04-28T05:21:32.785156+02:00
2021-09-23T17:00:00+02:00,EUR/USD,1.17486,1.17503,1.17326,1.17342,6210,2026-04-28T05:21:32.785156+02:00
2021-09-23T18:00:00+02:00,EUR/USD,1.17344,1.17443,1.17306,1.17442,2945,2026-04-28T05:21:32.785156+02:00
2021-09-23T19:00:00+02:00,EUR/USD,1.17441,1.17494,1.17432,1.17489,1969,2026-04-28T05:21:32.785156+02:00
2021-09-23T20:00:00+02:00,EUR/USD,1.17488,1.17488,1.17432,1.17468,2228,2026-04-28T05:21:32.785156+02:00
2021-09-23T21:00:00+02:00,EUR/USD,1.17467,1.1749,1.17414,1.1742,1910,2026-04-28T05:21:32.785156+02:00
2021-09-23T22:00:00+02:00,EUR/USD,1.17422,1.17422,1.17358,1.17388,1360,2026-04-28T05:21:32.785156+02:00
2021-09-23T23:00:00+02:00,EUR/USD,1.17388,1.17408,1.1737,1.174,71,2026-04-28T05:21:32.785156+02:00
2021-09-24T00:00:00+02:00,EUR/USD,1.17396,1.17435,1.17396,1.17421,307,2026-04-28T05:21:32.785156+02:00
2021-09-24T01:00:00+02:00,EUR/USD,1.17419,1.17458,1.17393,1.174,338,2026-04-28T05:21:32.785156+02:00
2021-09-24T02:00:00+02:00,EUR/USD,1.17401,1.17477,1.174,1.17462,1641,2026-04-28T05:21:32.785156+02:00
2021-09-24T03:00:00+02:00,EUR/USD,1.17464,1.17464,1.17386,1.1739,1341,2026-04-28T05:21:32.785156+02:00
2021-09-24T04:00:00+02:00,EUR/USD,1.1739,1.17406,1.17378,1.17404,930,2026-04-28T05:21:32.785156+02:00
2021-09-24T05:00:00+02:00,EUR/USD,1.17402,1.17432,1.17392,1.17412,936,2026-04-28T05:21:32.785156+02:00
2021-09-24T06:00:00+02:00,EUR/USD,1.1741,1.17421,1.1736,1.17372,628,2026-04-28T05:21:32.785156+02:00
2021-09-24T07:00:00+02:00,EUR/USD,1.17373,1.17398,1.17357,1.1737,1201,2026-04-28T05:21:32.785156+02:00
2021-09-24T08:00:00+02:00,EUR/USD,1.17368,1.17416,1.17311,1.17352,3515,2026-04-28T05:21:32.785156+02:00
2021-09-24T09:00:00+02:00,EUR/USD,1.17353,1.17412,1.17312,1.17386,4862,2026-04-28T05:21:32.785156+02:00
2021-09-24T10:00:00+02:00,EUR/USD,1.17383,1.17407,1.17309,1.1736,3647,2026-04-28T05:21:32.785156+02:00
2021-09-24T11:00:00+02:00,EUR/USD,1.17361,1.17382,1.17333,1.1735,2796,2026-04-28T05:21:32.785156+02:00
2021-09-24T12:00:00+02:00,EUR/USD,1.1735,1.17375,1.17281,1.17346,2984,2026-04-28T05:21:32.785156+02:00
2021-09-24T13:00:00+02:00,EUR/USD,1.17346,1.17371,1.17128,1.17138,4666,2026-04-28T05:21:32.785156+02:00
2021-09-24T14:00:00+02:00,EUR/USD,1.1714,1.17198,1.17066,1.17066,5027,2026-04-28T05:21:32.785156+02:00
2021-09-24T15:00:00+02:00,EUR/USD,1.17066,1.17199,1.17008,1.17118,6859,2026-04-28T05:21:32.785156+02:00
2021-09-24T16:00:00+02:00,EUR/USD,1.17117,1.17164,1.17044,1.17128,6803,2026-04-28T05:21:32.785156+02:00
2021-09-24T17:00:00+02:00,EUR/USD,1.17126,1.17168,1.17072,1.17136,3736,2026-04-28T05:21:32.785156+02:00
2021-09-24T18:00:00+02:00,EUR/USD,1.17137,1.17255,1.17128,1.17162,3333,2026-04-28T05:21:32.785156+02:00
2021-09-24T19:00:00+02:00,EUR/USD,1.17163,1.17202,1.17142,1.17177,1744,2026-04-28T05:21:32.785156+02:00
2021-09-24T20:00:00+02:00,EUR/USD,1.17178,1.17184,1.17132,1.1716,1507,2026-04-28T05:21:32.785156+02:00
2021-09-24T21:00:00+02:00,EUR/USD,1.17161,1.17171,1.1714,1.17164,1112,2026-04-28T05:21:32.785156+02:00
2021-09-24T22:00:00+02:00,EUR/USD,1.17166,1.17228,1.17158,1.17206,742,2026-04-28T05:21:32.785156+02:00
2021-09-26T23:00:00+02:00,EUR/USD,1.17281,1.17281,1.17157,1.17197,9204,2026-04-28T05:21:32.785156+02:00
2021-09-27T00:00:00+02:00,EUR/USD,1.17204,1.17232,1.17175,1.17205,555,2026-04-28T05:21:32.785156+02:00
2021-09-27T01:00:00+02:00,EUR/USD,1.17206,1.17238,1.17177,1.17226,437,2026-04-28T05:21:32.785156+02:00
2021-09-27T02:00:00+02:00,EUR/USD,1.17228,1.17238,1.17168,1.17174,1246,2026-04-28T05:21:32.785156+02:00
2021-09-27T03:00:00+02:00,EUR/USD,1.17175,1.17252,1.17167,1.17242,1179,2026-04-28T05:21:32.785156+02:00
2021-09-27T04:00:00+02:00,EUR/USD,1.17242,1.1725,1.17187,1.1719,955,2026-04-28T05:21:32.785156+02:00
2021-09-27T05:00:00+02:00,EUR/USD,1.17188,1.17248,1.17186,1.17224,696,2026-04-28T05:21:32.785156+02:00
2021-09-27T06:00:00+02:00,EUR/USD,1.17223,1.17249,1.17214,1.17224,419,2026-04-28T05:21:32.785156+02:00
2021-09-27T07:00:00+02:00,EUR/USD,1.17225,1.17244,1.17198,1.17206,770,2026-04-28T05:21:32.785156+02:00
2021-09-27T08:00:00+02:00,EUR/USD,1.17204,1.1723,1.17106,1.17108,4424,2026-04-28T05:21:32.785156+02:00
2021-09-27T09:00:00+02:00,EUR/USD,1.17109,1.17148,1.1694,1.16944,5594,2026-04-28T05:21:32.785156+02:00
2021-09-27T10:00:00+02:00,EUR/USD,1.16946,1.16982,1.16846,1.16894,6100,2026-04-28T05:21:32.785156+02:00
2021-09-27T11:00:00+02:00,EUR/USD,1.16892,1.17009,1.16891,1.16968,4725,2026-04-28T05:21:32.785156+02:00
2021-09-27T12:00:00+02:00,EUR/USD,1.16967,1.17084,1.16943,1.17076,3139,2026-04-28T05:21:32.785156+02:00
2021-09-27T13:00:00+02:00,EUR/USD,1.17077,1.17107,1.16892,1.1692,4882,2026-04-28T05:21:32.785156+02:00
2021-09-27T14:00:00+02:00,EUR/USD,1.16922,1.17096,1.16912,1.17072,10634,2026-04-28T05:21:32.785156+02:00
2021-09-27T15:00:00+02:00,EUR/USD,1.17072,1.17072,1.16907,1.17022,8552,2026-04-28T05:21:32.785156+02:00
2021-09-27T16:00:00+02:00,EUR/USD,1.17021,1.17098,1.1697,1.16998,6866,2026-04-28T05:21:32.785156+02:00
2021-09-27T17:00:00+02:00,EUR/USD,1.17,1.17057,1.1697,1.17016,5342,2026-04-28T05:21:32.785156+02:00
2021-09-27T18:00:00+02:00,EUR/USD,1.17014,1.17076,1.16998,1.17022,2191,2026-04-28T05:21:32.785156+02:00
2021-09-27T19:00:00+02:00,EUR/USD,1.1702,1.1706,1.17004,1.17046,2270,2026-04-28T05:21:32.785156+02:00
2021-09-27T20:00:00+02:00,EUR/USD,1.17047,1.17084,1.16991,1.16992,1583,2026-04-28T05:21:32.785156+02:00
2021-09-27T21:00:00+02:00,EUR/USD,1.16992,1.17008,1.16968,1.16985,1296,2026-04-28T05:21:32.785156+02:00
2021-09-27T22:00:00+02:00,EUR/USD,1.16982,1.17002,1.16944,1.16953,923,2026-04-28T05:21:32.785156+02:00
2021-09-27T23:00:00+02:00,EUR/USD,1.16989,1.16989,1.16956,1.16978,69,2026-04-28T05:21:32.785156+02:00
2021-09-28T00:00:00+02:00,EUR/USD,1.16974,1.16978,1.1695,1.16954,188,2026-04-28T05:21:32.785156+02:00
2021-09-28T01:00:00+02:00,EUR/USD,1.16956,1.16964,1.1694,1.16958,135,2026-04-28T05:21:32.785156+02:00
2021-09-28T02:00:00+02:00,EUR/USD,1.16956,1.16969,1.1686,1.16888,610,2026-04-28T05:21:32.785156+02:00
2021-09-28T03:00:00+02:00,EUR/USD,1.1689,1.16894,1.16851,1.16878,841,2026-04-28T05:21:32.785156+02:00
2021-09-28T04:00:00+02:00,EUR/USD,1.1688,1.16941,1.16878,1.16934,1030,2026-04-28T05:21:32.785156+02:00
2021-09-28T05:00:00+02:00,EUR/USD,1.16936,1.16948,1.1691,1.16917,604,2026-04-28T05:21:32.785156+02:00
2021-09-28T06:00:00+02:00,EUR/USD,1.16916,1.16988,1.16914,1.16988,413,2026-04-28T05:21:32.785156+02:00
2021-09-28T07:00:00+02:00,EUR/USD,1.16986,1.17033,1.16968,1.16988,907,2026-04-28T05:21:32.785156+02:00
2021-09-28T08:00:00+02:00,EUR/USD,1.16989,1.17013,1.16744,1.16765,4509,2026-04-28T05:21:32.785156+02:00
2021-09-28T09:00:00+02:00,EUR/USD,1.16762,1.16873,1.16721,1.16871,5226,2026-04-28T05:21:32.785156+02:00
2021-09-28T10:00:00+02:00,EUR/USD,1.16869,1.1689,1.16753,1.16806,4247,2026-04-28T05:21:32.785156+02:00
2021-09-28T11:00:00+02:00,EUR/USD,1.16808,1.1685,1.16732,1.16788,3441,2026-04-28T05:21:32.785156+02:00
2021-09-28T12:00:00+02:00,EUR/USD,1.1679,1.16834,1.16752,1.16818,4796,2026-04-28T05:21:32.785156+02:00
2021-09-28T13:00:00+02:00,EUR/USD,1.1682,1.16934,1.16774,1.16874,6748,2026-04-28T05:21:32.785156+02:00
2021-09-28T14:00:00+02:00,EUR/USD,1.16876,1.1689,1.16728,1.16805,9301,2026-04-28T05:21:32.785156+02:00
2021-09-28T15:00:00+02:00,EUR/USD,1.16804,1.1688,1.16717,1.16809,9057,2026-04-28T05:21:32.785156+02:00
2021-09-28T16:00:00+02:00,EUR/USD,1.16807,1.17013,1.16718,1.16738,15633,2026-04-28T05:21:32.785156+02:00
2021-09-28T17:00:00+02:00,EUR/USD,1.1674,1.16872,1.16682,1.16808,8260,2026-04-28T05:21:32.785156+02:00
2021-09-28T18:00:00+02:00,EUR/USD,1.16809,1.16904,1.16774,1.16819,4645,2026-04-28T05:21:32.785156+02:00
2021-09-28T19:00:00+02:00,EUR/USD,1.1682,1.16866,1.1677,1.16793,4288,2026-04-28T05:21:32.785156+02:00
2021-09-28T20:00:00+02:00,EUR/USD,1.16794,1.16821,1.16754,1.16772,3705,2026-04-28T05:21:32.785156+02:00
2021-09-28T21:00:00+02:00,EUR/USD,1.16771,1.16864,1.16757,1.16854,3337,2026-04-28T05:21:32.785156+02:00
2021-09-28T22:00:00+02:00,EUR/USD,1.16852,1.16894,1.16826,1.16834,1057,2026-04-28T05:21:32.785156+02:00
2021-09-28T23:00:00+02:00,EUR/USD,1.16836,1.16866,1.1681,1.1684,90,2026-04-28T05:21:32.785156+02:00
2021-09-29T00:00:00+02:00,EUR/USD,1.16836,1.16866,1.16836,1.16853,236,2026-04-28T05:21:32.785156+02:00
2021-09-29T01:00:00+02:00,EUR/USD,1.16854,1.16868,1.16826,1.16862,422,2026-04-28T05:21:32.785156+02:00
2021-09-29T02:00:00+02:00,EUR/USD,1.1686,1.16876,1.16802,1.16812,1627,2026-04-28T05:21:32.785156+02:00
2021-09-29T03:00:00+02:00,EUR/USD,1.16814,1.1686,1.1678,1.16826,2152,2026-04-28T05:21:32.785156+02:00
2021-09-29T04:00:00+02:00,EUR/USD,1.16824,1.16903,1.16814,1.16857,1399,2026-04-28T05:21:32.785156+02:00
2021-09-29T05:00:00+02:00,EUR/USD,1.16855,1.16867,1.1683,1.1685,855,2026-04-28T05:21:32.785156+02:00
2021-09-29T06:00:00+02:00,EUR/USD,1.16848,1.16867,1.16825,1.16867,858,2026-04-28T05:21:32.785156+02:00
2021-09-29T07:00:00+02:00,EUR/USD,1.16868,1.1688,1.16823,1.16832,1425,2026-04-28T05:21:32.785156+02:00
2021-09-29T08:00:00+02:00,EUR/USD,1.1683,1.1686,1.16759,1.16778,5451,2026-04-28T05:21:32.785156+02:00
2021-09-29T09:00:00+02:00,EUR/USD,1.16778,1.16778,1.16564,1.1662,8618,2026-04-28T05:21:32.785156+02:00
2021-09-29T10:00:00+02:00,EUR/USD,1.16621,1.16722,1.16618,1.16638,5456,2026-04-28T05:21:32.785156+02:00
2021-09-29T11:00:00+02:00,EUR/USD,1.16638,1.16715,1.16586,1.1664,4494,2026-04-28T05:21:32.785156+02:00
2021-09-29T12:00:00+02:00,EUR/USD,1.16642,1.16664,1.16558,1.1659,4163,2026-04-28T05:21:32.785156+02:00
2021-09-29T13:00:00+02:00,EUR/USD,1.16588,1.16594,1.16402,1.16492,6387,2026-04-28T05:21:32.785156+02:00
2021-09-29T14:00:00+02:00,EUR/USD,1.16491,1.1659,1.16432,1.16458,7281,2026-04-28T05:21:32.785156+02:00
2021-09-29T15:00:00+02:00,EUR/USD,1.16459,1.16466,1.16321,1.16364,7812,2026-04-28T05:21:32.785156+02:00
2021-09-29T16:00:00+02:00,EUR/USD,1.16362,1.16438,1.1611,1.1614,10598,2026-04-28T05:21:32.785156+02:00
2021-09-29T17:00:00+02:00,EUR/USD,1.1614,1.16194,1.16098,1.16117,5340,2026-04-28T05:21:32.785156+02:00
2021-09-29T18:00:00+02:00,EUR/USD,1.16114,1.16156,1.16007,1.16015,3897,2026-04-28T05:21:32.785156+02:00
2021-09-29T19:00:00+02:00,EUR/USD,1.16014,1.16052,1.15936,1.15952,3635,2026-04-28T05:21:32.785156+02:00
2021-09-29T20:00:00+02:00,EUR/USD,1.15953,1.1605,1.15897,1.16014,3224,2026-04-28T05:21:32.785156+02:00
2021-09-29T21:00:00+02:00,EUR/USD,1.16012,1.16029,1.15894,1.15938,2297,2026-04-28T05:21:32.785156+02:00
2021-09-29T22:00:00+02:00,EUR/USD,1.15936,1.15984,1.15911,1.15971,1226,2026-04-28T05:21:32.785156+02:00
2021-09-29T23:00:00+02:00,EUR/USD,1.1598,1.15994,1.15952,1.15978,146,2026-04-28T05:21:32.785156+02:00
2021-09-30T00:00:00+02:00,EUR/USD,1.15975,1.15992,1.15966,1.15985,213,2026-04-28T05:21:32.785156+02:00
2021-09-30T01:00:00+02:00,EUR/USD,1.15986,1.16024,1.15979,1.16016,584,2026-04-28T05:21:32.785156+02:00
2021-09-30T02:00:00+02:00,EUR/USD,1.16014,1.16038,1.15978,1.16036,1226,2026-04-28T05:21:32.785156+02:00
2021-09-30T03:00:00+02:00,EUR/USD,1.16034,1.1606,1.16012,1.1604,1370,2026-04-28T05:21:32.785156+02:00
2021-09-30T04:00:00+02:00,EUR/USD,1.16042,1.16085,1.1603,1.1607,869,2026-04-28T05:21:32.785156+02:00
2021-09-30T05:00:00+02:00,EUR/USD,1.16072,1.16087,1.16036,1.16039,663,2026-04-28T05:21:32.785156+02:00
2021-09-30T06:00:00+02:00,EUR/USD,1.1604,1.16084,1.16014,1.1608,706,2026-04-28T05:21:32.785156+02:00
2021-09-30T07:00:00+02:00,EUR/USD,1.16078,1.1608,1.1595,1.15952,1835,2026-04-28T05:21:32.785156+02:00
2021-09-30T08:00:00+02:00,EUR/USD,1.1595,1.16062,1.1595,1.16062,4472,2026-04-28T05:21:32.785156+02:00
2021-09-30T09:00:00+02:00,EUR/USD,1.1606,1.16087,1.15914,1.16046,6264,2026-04-28T05:21:32.785156+02:00
2021-09-30T10:00:00+02:00,EUR/USD,1.16046,1.16098,1.15986,1.16039,4470,2026-04-28T05:21:32.785156+02:00
2021-09-30T11:00:00+02:00,EUR/USD,1.16037,1.16068,1.15964,1.15981,3399,2026-04-28T05:21:32.785156+02:00
2021-09-30T12:00:00+02:00,EUR/USD,1.15982,1.15982,1.1568,1.15712,6204,2026-04-28T05:21:32.785156+02:00
2021-09-30T13:00:00+02:00,EUR/USD,1.15713,1.15826,1.15687,1.15756,5288,2026-04-28T05:21:32.785156+02:00
2021-09-30T14:00:00+02:00,EUR/USD,1.15757,1.15928,1.15752,1.15906,7845,2026-04-28T05:21:32.785156+02:00
2021-09-30T15:00:00+02:00,EUR/USD,1.15906,1.15982,1.15773,1.15855,10243,2026-04-28T05:21:32.785156+02:00
2021-09-30T16:00:00+02:00,EUR/USD,1.15854,1.15955,1.15762,1.15885,12757,2026-04-28T05:21:32.785156+02:00
2021-09-30T17:00:00+02:00,EUR/USD,1.15886,1.1598,1.15708,1.15778,11230,2026-04-28T05:21:32.785156+02:00
2021-09-30T18:00:00+02:00,EUR/USD,1.15777,1.158,1.15626,1.15708,6412,2026-04-28T05:21:32.785156+02:00
2021-09-30T19:00:00+02:00,EUR/USD,1.1571,1.15788,1.15644,1.15688,4250,2026-04-28T05:21:32.785156+02:00
2021-09-30T20:00:00+02:00,EUR/USD,1.15688,1.1585,1.1563,1.15846,3936,2026-04-28T05:21:32.785156+02:00
2021-09-30T21:00:00+02:00,EUR/USD,1.15848,1.1589,1.15792,1.15833,3509,2026-04-28T05:21:32.785156+02:00
2021-09-30T22:00:00+02:00,EUR/USD,1.15834,1.15863,1.15753,1.15776,1420,2026-04-28T05:21:32.785156+02:00
2021-09-30T23:00:00+02:00,EUR/USD,1.158,1.15839,1.15783,1.15816,161,2026-04-28T05:21:32.785156+02:00
2021-10-01T00:00:00+02:00,EUR/USD,1.15814,1.15826,1.15798,1.1581,349,2026-04-28T05:21:32.785156+02:00
2021-10-01T01:00:00+02:00,EUR/USD,1.15812,1.15812,1.1573,1.15738,457,2026-04-28T05:21:32.785156+02:00
2021-10-01T02:00:00+02:00,EUR/USD,1.15736,1.15774,1.15652,1.15652,1732,2026-04-28T05:21:32.785156+02:00
2021-10-01T03:00:00+02:00,EUR/USD,1.15654,1.15759,1.1563,1.15758,2712,2026-04-28T05:21:32.785156+02:00
2021-10-01T04:00:00+02:00,EUR/USD,1.15758,1.15792,1.15716,1.15774,1509,2026-04-28T05:21:32.785156+02:00
2021-10-01T05:00:00+02:00,EUR/USD,1.15776,1.15788,1.15746,1.15757,996,2026-04-28T05:21:32.785156+02:00
2021-10-01T06:00:00+02:00,EUR/USD,1.15758,1.1582,1.15757,1.15806,1091,2026-04-28T05:21:32.785156+02:00
2021-10-01T07:00:00+02:00,EUR/USD,1.15804,1.15804,1.15746,1.15772,1592,2026-04-28T05:21:32.785156+02:00
2021-10-01T08:00:00+02:00,EUR/USD,1.1577,1.1589,1.15759,1.1588,5344,2026-04-28T05:21:32.785156+02:00
2021-10-01T09:00:00+02:00,EUR/USD,1.15878,1.15913,1.1577,1.15784,6701,2026-04-28T05:21:32.785156+02:00
2021-10-01T10:00:00+02:00,EUR/USD,1.15786,1.15819,1.1575,1.15786,4817,2026-04-28T05:21:32.785156+02:00
2021-10-01T11:00:00+02:00,EUR/USD,1.15786,1.15842,1.15764,1.15792,4255,2026-04-28T05:21:32.785156+02:00
2021-10-01T12:00:00+02:00,EUR/USD,1.15792,1.15879,1.15725,1.15828,4170,2026-04-28T05:21:32.785156+02:00
2021-10-01T13:00:00+02:00,EUR/USD,1.15829,1.16034,1.15826,1.15981,5768,2026-04-28T05:21:32.785156+02:00
2021-10-01T14:00:00+02:00,EUR/USD,1.15979,1.16071,1.15972,1.16038,7404,2026-04-28T05:21:32.785156+02:00
2021-10-01T15:00:00+02:00,EUR/USD,1.16038,1.16074,1.1595,1.1603,8791,2026-04-28T05:21:32.785156+02:00
2021-10-01T16:00:00+02:00,EUR/USD,1.16028,1.16037,1.15837,1.15964,13318,2026-04-28T05:21:32.785156+02:00
2021-10-01T17:00:00+02:00,EUR/USD,1.15962,1.16036,1.15891,1.15972,6852,2026-04-28T05:21:32.785156+02:00
2021-10-01T18:00:00+02:00,EUR/USD,1.15971,1.16026,1.15936,1.1597,4544,2026-04-28T05:21:32.785156+02:00
2021-10-01T19:00:00+02:00,EUR/USD,1.15971,1.16006,1.15946,1.15995,2066,2026-04-28T05:21:32.785156+02:00
2021-10-01T20:00:00+02:00,EUR/USD,1.15996,1.16026,1.1597,1.15971,2238,2026-04-28T05:21:32.785156+02:00
2021-10-01T21:00:00+02:00,EUR/USD,1.15972,1.15986,1.15926,1.15981,2035,2026-04-28T05:21:32.785156+02:00
2021-10-01T22:00:00+02:00,EUR/USD,1.15982,1.15996,1.15917,1.1593,798,2026-04-28T05:21:32.785156+02:00
2021-10-03T23:00:00+02:00,EUR/USD,1.1598,1.15992,1.15938,1.15958,38,2026-04-28T05:21:32.785156+02:00
2021-10-04T00:00:00+02:00,EUR/USD,1.15963,1.16112,1.15941,1.16076,990,2026-04-28T05:21:32.785156+02:00
2021-10-04T01:00:00+02:00,EUR/USD,1.16078,1.1611,1.16064,1.16066,656,2026-04-28T05:21:32.785156+02:00
2021-10-04T02:00:00+02:00,EUR/USD,1.16064,1.16138,1.16018,1.16028,1598,2026-04-28T05:21:32.785156+02:00
2021-10-04T03:00:00+02:00,EUR/USD,1.16029,1.1604,1.1594,1.15976,2075,2026-04-28T05:21:32.785156+02:00
2021-10-04T04:00:00+02:00,EUR/USD,1.15974,1.16006,1.15944,1.15948,1846,2026-04-28T05:21:32.785156+02:00
2021-10-04T05:00:00+02:00,EUR/USD,1.15948,1.15948,1.15878,1.15894,1295,2026-04-28T05:21:32.785156+02:00
2021-10-04T06:00:00+02:00,EUR/USD,1.15892,1.15967,1.15891,1.15959,1008,2026-04-28T05:21:32.785156+02:00
2021-10-04T07:00:00+02:00,EUR/USD,1.15958,1.16,1.15958,1.15982,1325,2026-04-28T05:21:32.785156+02:00
2021-10-04T08:00:00+02:00,EUR/USD,1.15981,1.16094,1.15962,1.16067,5240,2026-04-28T05:21:32.785156+02:00
2021-10-04T09:00:00+02:00,EUR/USD,1.16069,1.16092,1.15996,1.16092,7720,2026-04-28T05:21:32.785156+02:00
2021-10-04T10:00:00+02:00,EUR/USD,1.16094,1.16158,1.16056,1.16126,5864,2026-04-28T05:21:32.785156+02:00
2021-10-04T11:00:00+02:00,EUR/USD,1.16127,1.16182,1.16082,1.16097,4847,2026-04-28T05:21:32.785156+02:00
2021-10-04T12:00:00+02:00,EUR/USD,1.16099,1.16216,1.1608,1.16204,3388,2026-04-28T05:21:32.785156+02:00
2021-10-04T13:00:00+02:00,EUR/USD,1.16202,1.16338,1.16187,1.16334,4651,2026-04-28T05:21:32.785156+02:00
2021-10-04T14:00:00+02:00,EUR/USD,1.16336,1.16402,1.16314,1.16325,6126,2026-04-28T05:21:32.785156+02:00
2021-10-04T15:00:00+02:00,EUR/USD,1.16327,1.16336,1.1624,1.16297,6160,2026-04-28T05:21:32.785156+02:00
2021-10-04T16:00:00+02:00,EUR/USD,1.16298,1.16395,1.16216,1.16242,9603,2026-04-28T05:21:32.785156+02:00
2021-10-04T17:00:00+02:00,EUR/USD,1.16242,1.16287,1.16152,1.16207,6296,2026-04-28T05:21:32.785156+02:00
2021-10-04T18:00:00+02:00,EUR/USD,1.16206,1.16233,1.16158,1.16191,3587,2026-04-28T05:21:32.785156+02:00
2021-10-04T19:00:00+02:00,EUR/USD,1.1619,1.16223,1.16162,1.162,2724,2026-04-28T05:21:32.785156+02:00
2021-10-04T20:00:00+02:00,EUR/USD,1.16198,1.1628,1.16184,1.16236,3040,2026-04-28T05:21:32.785156+02:00
2021-10-04T21:00:00+02:00,EUR/USD,1.16235,1.16244,1.16168,1.16212,2483,2026-04-28T05:21:32.785156+02:00
2021-10-04T22:00:00+02:00,EUR/USD,1.16211,1.1623,1.16184,1.16204,747,2026-04-28T05:21:32.785156+02:00
2021-10-04T23:00:00+02:00,EUR/USD,1.16199,1.16209,1.16159,1.1619,116,2026-04-28T05:21:32.785156+02:00
2021-10-05T00:00:00+02:00,EUR/USD,1.16194,1.16221,1.16162,1.16162,393,2026-04-28T05:21:32.785156+02:00
2021-10-05T01:00:00+02:00,EUR/USD,1.16163,1.16185,1.1616,1.16162,327,2026-04-28T05:21:32.785156+02:00
2021-10-05T02:00:00+02:00,EUR/USD,1.16163,1.16202,1.16106,1.16117,1435,2026-04-28T05:21:32.785156+02:00
2021-10-05T03:00:00+02:00,EUR/USD,1.16115,1.16135,1.16028,1.16032,2101,2026-04-28T05:21:32.785156+02:00
2021-10-05T04:00:00+02:00,EUR/USD,1.16033,1.1608,1.16022,1.1606,1161,2026-04-28T05:21:32.785156+02:00
2021-10-05T05:00:00+02:00,EUR/USD,1.16058,1.1606,1.15982,1.1599,1050,2026-04-28T05:21:32.785156+02:00
2021-10-05T06:00:00+02:00,EUR/USD,1.15989,1.15998,1.15944,1.15948,879,2026-04-28T05:21:32.785156+02:00
2021-10-05T07:00:00+02:00,EUR/USD,1.15946,1.15988,1.159,1.15944,1496,2026-04-28T05:21:32.785156+02:00
2021-10-05T08:00:00+02:00,EUR/USD,1.15946,1.16022,1.15938,1.15988,4337,2026-04-28T05:21:32.785156+02:00
2021-10-05T09:00:00+02:00,EUR/USD,1.1599,1.1605,1.15922,1.15976,7156,2026-04-28T05:21:32.785156+02:00
2021-10-05T10:00:00+02:00,EUR/USD,1.15974,1.16046,1.15962,1.15988,5275,2026-04-28T05:21:32.785156+02:00
2021-10-05T11:00:00+02:00,EUR/USD,1.15988,1.16034,1.15958,1.16032,3875,2026-04-28T05:21:32.785156+02:00
2021-10-05T12:00:00+02:00,EUR/USD,1.16034,1.16034,1.15903,1.15944,3677,2026-04-28T05:21:32.785156+02:00
2021-10-05T13:00:00+02:00,EUR/USD,1.15945,1.16053,1.15926,1.1598,4286,2026-04-28T05:21:32.785156+02:00
2021-10-05T14:00:00+02:00,EUR/USD,1.15978,1.16054,1.15978,1.16001,5188,2026-04-28T05:21:32.785156+02:00
2021-10-05T15:00:00+02:00,EUR/USD,1.15999,1.16012,1.1586,1.15954,9013,2026-04-28T05:21:32.785156+02:00
2021-10-05T16:00:00+02:00,EUR/USD,1.15953,1.15955,1.15806,1.15924,9311,2026-04-28T05:21:32.785156+02:00
2021-10-05T17:00:00+02:00,EUR/USD,1.15923,1.16133,1.1592,1.16088,7022,2026-04-28T05:21:32.785156+02:00
2021-10-05T18:00:00+02:00,EUR/USD,1.16088,1.16125,1.16027,1.16052,3307,2026-04-28T05:21:32.785156+02:00
2021-10-05T19:00:00+02:00,EUR/USD,1.16053,1.16073,1.1601,1.16052,2209,2026-04-28T05:21:32.785156+02:00
2021-10-05T20:00:00+02:00,EUR/USD,1.16051,1.16084,1.15968,1.1597,1984,2026-04-28T05:21:32.785156+02:00
2021-10-05T21:00:00+02:00,EUR/USD,1.15969,1.15984,1.15937,1.15964,2061,2026-04-28T05:21:32.785156+02:00
2021-10-05T22:00:00+02:00,EUR/USD,1.15965,1.15992,1.15942,1.15978,819,2026-04-28T05:21:32.785156+02:00
2021-10-05T23:00:00+02:00,EUR/USD,1.15988,1.16063,1.15949,1.15963,165,2026-04-28T05:21:32.785156+02:00
2021-10-06T00:00:00+02:00,EUR/USD,1.15958,1.16007,1.15958,1.15984,332,2026-04-28T05:21:32.785156+02:00
2021-10-06T01:00:00+02:00,EUR/USD,1.15986,1.1599,1.15946,1.15956,298,2026-04-28T05:21:32.785156+02:00
2021-10-06T02:00:00+02:00,EUR/USD,1.15958,1.15979,1.15921,1.15938,1781,2026-04-28T05:21:32.785156+02:00
2021-10-06T03:00:00+02:00,EUR/USD,1.15937,1.15968,1.1588,1.15911,2586,2026-04-28T05:21:32.785156+02:00
2021-10-06T04:00:00+02:00,EUR/USD,1.1591,1.15948,1.15882,1.15934,1490,2026-04-28T05:21:32.785156+02:00
2021-10-06T05:00:00+02:00,EUR/USD,1.15932,1.15944,1.15906,1.15937,849,2026-04-28T05:21:32.785156+02:00
2021-10-06T06:00:00+02:00,EUR/USD,1.15938,1.15938,1.15831,1.15847,990,2026-04-28T05:21:32.785156+02:00
2021-10-06T07:00:00+02:00,EUR/USD,1.15848,1.15901,1.15818,1.15822,1497,2026-04-28T05:21:32.785156+02:00
2021-10-06T08:00:00+02:00,EUR/USD,1.1582,1.15843,1.15755,1.15779,4758,2026-04-28T05:21:32.785156+02:00
2021-10-06T09:00:00+02:00,EUR/USD,1.15778,1.15798,1.15562,1.15563,7968,2026-04-28T05:21:32.785156+02:00
2021-10-06T10:00:00+02:00,EUR/USD,1.15564,1.15607,1.1551,1.15521,6687,2026-04-28T05:21:32.785156+02:00
2021-10-06T11:00:00+02:00,EUR/USD,1.15522,1.15543,1.15412,1.1542,6742,2026-04-28T05:21:32.785156+02:00
2021-10-06T12:00:00+02:00,EUR/USD,1.15422,1.15422,1.15291,1.15368,6913,2026-04-28T05:21:32.785156+02:00
2021-10-06T13:00:00+02:00,EUR/USD,1.15369,1.1544,1.15358,1.15382,5339,2026-04-28T05:21:32.785156+02:00
2021-10-06T14:00:00+02:00,EUR/USD,1.15384,1.15474,1.15368,1.1545,8763,2026-04-28T05:21:32.785156+02:00
2021-10-06T15:00:00+02:00,EUR/USD,1.15452,1.15522,1.1539,1.15426,8517,2026-04-28T05:21:32.785156+02:00
2021-10-06T16:00:00+02:00,EUR/USD,1.15425,1.15557,1.15352,1.15419,9393,2026-04-28T05:21:32.785156+02:00
2021-10-06T17:00:00+02:00,EUR/USD,1.15421,1.15448,1.15322,1.15443,5709,2026-04-28T05:21:32.785156+02:00
2021-10-06T18:00:00+02:00,EUR/USD,1.15444,1.155,1.15418,1.15433,3356,2026-04-28T05:21:32.785156+02:00
2021-10-06T19:00:00+02:00,EUR/USD,1.15432,1.15574,1.15432,1.15512,3719,2026-04-28T05:21:32.785156+02:00
2021-10-06T20:00:00+02:00,EUR/USD,1.15511,1.15554,1.15488,1.15507,3659,2026-04-28T05:21:32.785156+02:00
2021-10-06T21:00:00+02:00,EUR/USD,1.15505,1.15594,1.1549,1.15588,2564,2026-04-28T05:21:32.785156+02:00
2021-10-06T22:00:00+02:00,EUR/USD,1.1559,1.15598,1.15563,1.15567,689,2026-04-28T05:21:32.785156+02:00
2021-10-06T23:00:00+02:00,EUR/USD,1.15574,1.15574,1.15535,1.1555,139,2026-04-28T05:21:32.785156+02:00
2021-10-07T00:00:00+02:00,EUR/USD,1.15554,1.15576,1.15544,1.15544,395,2026-04-28T05:21:32.785156+02:00
2021-10-07T01:00:00+02:00,EUR/USD,1.15542,1.15558,1.15524,1.15552,568,2026-04-28T05:21:32.785156+02:00
2021-10-07T02:00:00+02:00,EUR/USD,1.15551,1.15612,1.15546,1.15585,1607,2026-04-28T05:21:32.785156+02:00
2021-10-07T03:00:00+02:00,EUR/USD,1.15584,1.15592,1.15512,1.15568,1739,2026-04-28T05:21:32.785156+02:00
2021-10-07T04:00:00+02:00,EUR/USD,1.15567,1.15574,1.1554,1.15547,888,2026-04-28T05:21:32.785156+02:00
2021-10-07T05:00:00+02:00,EUR/USD,1.15546,1.15562,1.15526,1.15556,676,2026-04-28T05:21:32.785156+02:00
2021-10-07T06:00:00+02:00,EUR/USD,1.15555,1.15574,1.1554,1.15556,945,2026-04-28T05:21:32.785156+02:00
2021-10-07T07:00:00+02:00,EUR/USD,1.15558,1.15569,1.15494,1.15498,1278,2026-04-28T05:21:32.785156+02:00
2021-10-07T08:00:00+02:00,EUR/USD,1.15496,1.15697,1.1549,1.15682,4941,2026-04-28T05:21:32.785156+02:00
2021-10-07T09:00:00+02:00,EUR/USD,1.15684,1.15706,1.15616,1.15686,5836,2026-04-28T05:21:32.785156+02:00
2021-10-07T10:00:00+02:00,EUR/USD,1.15688,1.15694,1.15595,1.15602,4606,2026-04-28T05:21:32.785156+02:00
2021-10-07T11:00:00+02:00,EUR/USD,1.15601,1.15623,1.15551,1.15606,4043,2026-04-28T05:21:32.785156+02:00
2021-10-07T12:00:00+02:00,EUR/USD,1.15605,1.15627,1.15565,1.1561,2774,2026-04-28T05:21:32.785156+02:00
2021-10-07T13:00:00+02:00,EUR/USD,1.15611,1.15724,1.15601,1.1565,4980,2026-04-28T05:21:32.785156+02:00
2021-10-07T14:00:00+02:00,EUR/USD,1.15651,1.15651,1.15504,1.1556,6317,2026-04-28T05:21:32.785156+02:00
2021-10-07T15:00:00+02:00,EUR/USD,1.15559,1.15636,1.15474,1.15563,8135,2026-04-28T05:21:32.785156+02:00
2021-10-07T16:00:00+02:00,EUR/USD,1.15561,1.15689,1.1556,1.15609,7871,2026-04-28T05:21:32.785156+02:00
2021-10-07T17:00:00+02:00,EUR/USD,1.15608,1.1569,1.15601,1.15603,4732,2026-04-28T05:21:32.785156+02:00
2021-10-07T18:00:00+02:00,EUR/USD,1.15602,1.15606,1.15526,1.15557,3497,2026-04-28T05:21:32.785156+02:00
2021-10-07T19:00:00+02:00,EUR/USD,1.15558,1.15648,1.15552,1.15599,2111,2026-04-28T05:21:32.785156+02:00
2021-10-07T20:00:00+02:00,EUR/USD,1.156,1.15602,1.15493,1.15515,2365,2026-04-28T05:21:32.785156+02:00
2021-10-07T21:00:00+02:00,EUR/USD,1.15516,1.15548,1.15506,1.1554,2273,2026-04-28T05:21:32.785156+02:00
2021-10-07T22:00:00+02:00,EUR/USD,1.15538,1.15555,1.15528,1.15536,988,2026-04-28T05:21:32.785156+02:00
2021-10-07T23:00:00+02:00,EUR/USD,1.1554,1.15578,1.1552,1.15571,106,2026-04-28T05:21:32.785156+02:00
2021-10-08T00:00:00+02:00,EUR/USD,1.15575,1.15576,1.1554,1.15544,257,2026-04-28T05:21:32.785156+02:00
2021-10-08T01:00:00+02:00,EUR/USD,1.15543,1.15602,1.15542,1.15594,418,2026-04-28T05:21:32.785156+02:00
2021-10-08T02:00:00+02:00,EUR/USD,1.15593,1.15598,1.15525,1.15586,1800,2026-04-28T05:21:32.785156+02:00
2021-10-08T03:00:00+02:00,EUR/USD,1.15584,1.15591,1.15539,1.15562,2388,2026-04-28T05:21:32.785156+02:00
2021-10-08T04:00:00+02:00,EUR/USD,1.1556,1.15572,1.15508,1.15548,1087,2026-04-28T05:21:32.785156+02:00
2021-10-08T05:00:00+02:00,EUR/USD,1.15546,1.15562,1.15497,1.15523,954,2026-04-28T05:21:32.785156+02:00
2021-10-08T06:00:00+02:00,EUR/USD,1.15524,1.15544,1.15474,1.15482,933,2026-04-28T05:21:32.785156+02:00
2021-10-08T07:00:00+02:00,EUR/USD,1.15484,1.1553,1.15414,1.15423,1751,2026-04-28T05:21:32.785156+02:00
2021-10-08T08:00:00+02:00,EUR/USD,1.15422,1.15489,1.1542,1.15458,2950,2026-04-28T05:21:32.785156+02:00
2021-10-08T09:00:00+02:00,EUR/USD,1.1546,1.15514,1.15438,1.1548,5021,2026-04-28T05:21:32.785156+02:00
2021-10-08T10:00:00+02:00,EUR/USD,1.15478,1.15564,1.15434,1.15536,3401,2026-04-28T05:21:32.785156+02:00
2021-10-08T11:00:00+02:00,EUR/USD,1.15537,1.15693,1.15534,1.15674,3503,2026-04-28T05:21:32.785156+02:00
2021-10-08T12:00:00+02:00,EUR/USD,1.15675,1.15682,1.15606,1.15631,2293,2026-04-28T05:21:32.785156+02:00
2021-10-08T13:00:00+02:00,EUR/USD,1.1563,1.1563,1.15559,1.15622,3754,2026-04-28T05:21:32.785156+02:00
2021-10-08T14:00:00+02:00,EUR/USD,1.15624,1.15862,1.15608,1.15711,17017,2026-04-28T05:21:32.785156+02:00
2021-10-08T15:00:00+02:00,EUR/USD,1.1571,1.1579,1.15557,1.1564,12849,2026-04-28T05:21:32.785156+02:00
2021-10-08T16:00:00+02:00,EUR/USD,1.15638,1.15766,1.15633,1.15732,8961,2026-04-28T05:21:32.785156+02:00
2021-10-08T17:00:00+02:00,EUR/USD,1.15734,1.15797,1.1569,1.15721,5262,2026-04-28T05:21:32.785156+02:00
2021-10-08T18:00:00+02:00,EUR/USD,1.1572,1.15721,1.1561,1.15642,2855,2026-04-28T05:21:32.785156+02:00
2021-10-08T19:00:00+02:00,EUR/USD,1.15644,1.15684,1.15596,1.15683,2448,2026-04-28T05:21:32.785156+02:00
2021-10-08T20:00:00+02:00,EUR/USD,1.15684,1.15784,1.15678,1.15772,2314,2026-04-28T05:21:32.785156+02:00
2021-10-08T21:00:00+02:00,EUR/USD,1.15774,1.15779,1.15682,1.15714,1525,2026-04-28T05:21:32.785156+02:00
2021-10-08T22:00:00+02:00,EUR/USD,1.15712,1.1577,1.15696,1.15744,801,2026-04-28T05:21:32.785156+02:00
2021-10-10T23:00:00+02:00,EUR/USD,1.15715,1.15723,1.15702,1.15719,20,2026-04-28T05:21:32.785156+02:00
2021-10-11T00:00:00+02:00,EUR/USD,1.15714,1.15762,1.1569,1.15695,592,2026-04-28T05:21:32.785156+02:00
2021-10-11T01:00:00+02:00,EUR/USD,1.15697,1.15701,1.15637,1.15654,419,2026-04-28T05:21:32.785156+02:00
2021-10-11T02:00:00+02:00,EUR/USD,1.15656,1.1578,1.15649,1.15746,978,2026-04-28T05:21:32.785156+02:00
2021-10-11T03:00:00+02:00,EUR/USD,1.15748,1.15793,1.15727,1.15739,1426,2026-04-28T05:21:32.785156+02:00
2021-10-11T04:00:00+02:00,EUR/USD,1.1574,1.15759,1.15706,1.15708,1019,2026-04-28T05:21:32.785156+02:00
2021-10-11T05:00:00+02:00,EUR/USD,1.15708,1.15726,1.15684,1.15724,928,2026-04-28T05:21:32.785156+02:00
2021-10-11T06:00:00+02:00,EUR/USD,1.15723,1.15728,1.15698,1.15725,513,2026-04-28T05:21:32.785156+02:00
2021-10-11T07:00:00+02:00,EUR/USD,1.15723,1.15755,1.15714,1.15734,1014,2026-04-28T05:21:32.785156+02:00
2021-10-11T08:00:00+02:00,EUR/USD,1.15735,1.15868,1.15724,1.1583,3868,2026-04-28T05:21:32.785156+02:00
2021-10-11T09:00:00+02:00,EUR/USD,1.15828,1.15839,1.15713,1.1574,6145,2026-04-28T05:21:32.785156+02:00
2021-10-11T10:00:00+02:00,EUR/USD,1.15742,1.15759,1.15642,1.157,4947,2026-04-28T05:21:32.785156+02:00
2021-10-11T11:00:00+02:00,EUR/USD,1.15701,1.15717,1.15522,1.15555,4693,2026-04-28T05:21:32.785156+02:00
2021-10-11T12:00:00+02:00,EUR/USD,1.15554,1.15674,1.1554,1.15664,3258,2026-04-28T05:21:32.785156+02:00
2021-10-11T13:00:00+02:00,EUR/USD,1.15662,1.15733,1.15612,1.15686,2962,2026-04-28T05:21:32.785156+02:00
2021-10-11T14:00:00+02:00,EUR/USD,1.15685,1.1574,1.15601,1.15614,4430,2026-04-28T05:21:32.785156+02:00
2021-10-11T15:00:00+02:00,EUR/USD,1.15616,1.158,1.15612,1.15768,4763,2026-04-28T05:21:32.785156+02:00
2021-10-11T16:00:00+02:00,EUR/USD,1.15769,1.15838,1.15718,1.15724,4595,2026-04-28T05:21:32.785156+02:00
2021-10-11T17:00:00+02:00,EUR/USD,1.15723,1.1575,1.1571,1.15724,2430,2026-04-28T05:21:32.785156+02:00
2021-10-11T18:00:00+02:00,EUR/USD,1.15724,1.15726,1.15624,1.15634,1751,2026-04-28T05:21:32.785156+02:00
2021-10-11T19:00:00+02:00,EUR/USD,1.15636,1.15646,1.15569,1.15576,2086,2026-04-28T05:21:32.785156+02:00
2021-10-11T20:00:00+02:00,EUR/USD,1.15578,1.1561,1.15557,1.15596,1318,2026-04-28T05:21:32.785156+02:00
2021-10-11T21:00:00+02:00,EUR/USD,1.15594,1.15603,1.15504,1.15504,1570,2026-04-28T05:21:32.785156+02:00
2021-10-11T22:00:00+02:00,EUR/USD,1.15506,1.15548,1.15491,1.15532,873,2026-04-28T05:21:32.785156+02:00
2021-10-11T23:00:00+02:00,EUR/USD,1.15532,1.15562,1.15531,1.15541,108,2026-04-28T05:21:32.785156+02:00
2021-10-12T00:00:00+02:00,EUR/USD,1.15546,1.15548,1.1549,1.15494,366,2026-04-28T05:21:32.785156+02:00
2021-10-12T01:00:00+02:00,EUR/USD,1.15492,1.15544,1.15479,1.15533,491,2026-04-28T05:21:32.785156+02:00
2021-10-12T02:00:00+02:00,EUR/USD,1.15534,1.1554,1.15472,1.15494,2180,2026-04-28T05:21:32.785156+02:00
2021-10-12T03:00:00+02:00,EUR/USD,1.15496,1.15531,1.15478,1.15499,2140,2026-04-28T05:21:32.785156+02:00
2021-10-12T04:00:00+02:00,EUR/USD,1.15497,1.15576,1.1549,1.15564,1276,2026-04-28T05:21:32.785156+02:00
2021-10-12T05:00:00+02:00,EUR/USD,1.15563,1.15609,1.15563,1.15597,911,2026-04-28T05:21:32.785156+02:00
2021-10-12T06:00:00+02:00,EUR/USD,1.15598,1.15604,1.15558,1.15563,723,2026-04-28T05:21:32.785156+02:00
2021-10-12T07:00:00+02:00,EUR/USD,1.15564,1.15636,1.15563,1.15611,1193,2026-04-28T05:21:32.785156+02:00
2021-10-12T08:00:00+02:00,EUR/USD,1.15612,1.15703,1.15602,1.15684,3748,2026-04-28T05:21:32.785156+02:00
2021-10-12T09:00:00+02:00,EUR/USD,1.15686,1.15687,1.15554,1.15558,4204,2026-04-28T05:21:32.785156+02:00
2021-10-12T10:00:00+02:00,EUR/USD,1.1556,1.1565,1.15557,1.15619,2985,2026-04-28T05:21:32.785156+02:00
2021-10-12T11:00:00+02:00,EUR/USD,1.15622,1.1567,1.15568,1.15579,3132,2026-04-28T05:21:32.785156+02:00
2021-10-12T12:00:00+02:00,EUR/USD,1.15581,1.15616,1.15511,1.15524,3677,2026-04-28T05:21:32.785156+02:00
2021-10-12T13:00:00+02:00,EUR/USD,1.15523,1.15586,1.155,1.15564,3887,2026-04-28T05:21:32.785156+02:00
2021-10-12T14:00:00+02:00,EUR/USD,1.15563,1.15587,1.1533,1.15416,7540,2026-04-28T05:21:32.785156+02:00
2021-10-12T15:00:00+02:00,EUR/USD,1.15418,1.15481,1.15347,1.1544,9483,2026-04-28T05:21:32.785156+02:00
2021-10-12T16:00:00+02:00,EUR/USD,1.15438,1.15496,1.15338,1.1548,7810,2026-04-28T05:21:32.785156+02:00
2021-10-12T17:00:00+02:00,EUR/USD,1.15482,1.15501,1.1534,1.15403,5534,2026-04-28T05:21:32.785156+02:00
2021-10-12T18:00:00+02:00,EUR/USD,1.15404,1.15421,1.1525,1.15281,3448,2026-04-28T05:21:32.785156+02:00
2021-10-12T19:00:00+02:00,EUR/USD,1.15282,1.15297,1.15244,1.15256,2693,2026-04-28T05:21:32.785156+02:00
2021-10-12T20:00:00+02:00,EUR/USD,1.15258,1.15334,1.15247,1.15296,2581,2026-04-28T05:21:32.785156+02:00
2021-10-12T21:00:00+02:00,EUR/USD,1.15297,1.15349,1.15292,1.15328,1634,2026-04-28T05:21:32.785156+02:00
2021-10-12T22:00:00+02:00,EUR/USD,1.15327,1.15327,1.15292,1.15302,877,2026-04-28T05:21:32.785156+02:00
2021-10-12T23:00:00+02:00,EUR/USD,1.15306,1.15318,1.15285,1.1531,103,2026-04-28T05:21:32.785156+02:00
2021-10-13T00:00:00+02:00,EUR/USD,1.15307,1.15332,1.15294,1.15322,349,2026-04-28T05:21:32.785156+02:00
2021-10-13T01:00:00+02:00,EUR/USD,1.1532,1.15328,1.15304,1.15305,471,2026-04-28T05:21:32.785156+02:00
2021-10-13T02:00:00+02:00,EUR/USD,1.15306,1.15427,1.153,1.15412,1564,2026-04-28T05:21:32.785156+02:00
2021-10-13T03:00:00+02:00,EUR/USD,1.15414,1.15522,1.15406,1.15512,1432,2026-04-28T05:21:32.785156+02:00
2021-10-13T04:00:00+02:00,EUR/USD,1.15513,1.15558,1.15508,1.15527,1344,2026-04-28T05:21:32.785156+02:00
2021-10-13T05:00:00+02:00,EUR/USD,1.15526,1.15538,1.15502,1.15514,785,2026-04-28T05:21:32.785156+02:00
2021-10-13T06:00:00+02:00,EUR/USD,1.15516,1.15534,1.15504,1.15525,473,2026-04-28T05:21:32.785156+02:00
2021-10-13T07:00:00+02:00,EUR/USD,1.15526,1.15532,1.15494,1.15509,801,2026-04-28T05:21:32.785156+02:00
2021-10-13T08:00:00+02:00,EUR/USD,1.15508,1.15531,1.15471,1.15514,4281,2026-04-28T05:21:32.785156+02:00
2021-10-13T09:00:00+02:00,EUR/USD,1.15513,1.15562,1.15456,1.15509,4848,2026-04-28T05:21:32.785156+02:00
2021-10-13T10:00:00+02:00,EUR/USD,1.1551,1.15605,1.1549,1.15564,4920,2026-04-28T05:21:32.785156+02:00
2021-10-13T11:00:00+02:00,EUR/USD,1.15562,1.15598,1.15477,1.15572,4500,2026-04-28T05:21:32.785156+02:00
2021-10-13T12:00:00+02:00,EUR/USD,1.15571,1.15669,1.15571,1.1562,4065,2026-04-28T05:21:32.785156+02:00
2021-10-13T13:00:00+02:00,EUR/USD,1.15622,1.15652,1.15576,1.15642,4410,2026-04-28T05:21:32.785156+02:00
2021-10-13T14:00:00+02:00,EUR/USD,1.15644,1.15646,1.15361,1.1543,11636,2026-04-28T05:21:32.785156+02:00
2021-10-13T15:00:00+02:00,EUR/USD,1.15428,1.15708,1.15403,1.15646,13114,2026-04-28T05:21:32.785156+02:00
2021-10-13T16:00:00+02:00,EUR/USD,1.15644,1.15748,1.15571,1.15738,9840,2026-04-28T05:21:32.785156+02:00
2021-10-13T17:00:00+02:00,EUR/USD,1.15736,1.15788,1.15674,1.15677,4643,2026-04-28T05:21:32.785156+02:00
2021-10-13T18:00:00+02:00,EUR/USD,1.15679,1.15786,1.15668,1.1578,3165,2026-04-28T05:21:32.785156+02:00
2021-10-13T19:00:00+02:00,EUR/USD,1.15781,1.15932,1.15779,1.15892,3898,2026-04-28T05:21:32.785156+02:00
2021-10-13T20:00:00+02:00,EUR/USD,1.15894,1.15936,1.15809,1.15896,5431,2026-04-28T05:21:32.785156+02:00
2021-10-13T21:00:00+02:00,EUR/USD,1.15897,1.15974,1.15874,1.15938,2566,2026-04-28T05:21:32.785156+02:00
2021-10-13T22:00:00+02:00,EUR/USD,1.15936,1.15967,1.15912,1.15958,881,2026-04-28T05:21:32.785156+02:00
2021-10-13T23:00:00+02:00,EUR/USD,1.15943,1.1599,1.15906,1.15984,306,2026-04-28T05:21:32.785156+02:00
2021-10-14T00:00:00+02:00,EUR/USD,1.1598,1.15995,1.15964,1.15973,367,2026-04-28T05:21:32.785156+02:00
2021-10-14T01:00:00+02:00,EUR/USD,1.15974,1.15986,1.15947,1.15969,434,2026-04-28T05:21:32.785156+02:00
2021-10-14T02:00:00+02:00,EUR/USD,1.1597,1.16012,1.1596,1.1599,1247,2026-04-28T05:21:32.785156+02:00
2021-10-14T03:00:00+02:00,EUR/USD,1.15991,1.16008,1.15896,1.15899,1225,2026-04-28T05:21:32.785156+02:00
2021-10-14T04:00:00+02:00,EUR/USD,1.159,1.15961,1.15888,1.15952,952,2026-04-28T05:21:32.785156+02:00
2021-10-14T05:00:00+02:00,EUR/USD,1.1595,1.15962,1.15918,1.15941,712,2026-04-28T05:21:32.785156+02:00
2021-10-14T06:00:00+02:00,EUR/USD,1.1594,1.15954,1.15896,1.15898,654,2026-04-28T05:21:32.785156+02:00
2021-10-14T07:00:00+02:00,EUR/USD,1.159,1.15936,1.15877,1.15892,914,2026-04-28T05:21:32.785156+02:00
2021-10-14T08:00:00+02:00,EUR/USD,1.15893,1.16022,1.1589,1.1602,3959,2026-04-28T05:21:32.785156+02:00
2021-10-14T09:00:00+02:00,EUR/USD,1.16018,1.16118,1.16006,1.16077,5062,2026-04-28T05:21:32.785156+02:00
2021-10-14T10:00:00+02:00,EUR/USD,1.16079,1.16188,1.16068,1.16162,4198,2026-04-28T05:21:32.785156+02:00
2021-10-14T11:00:00+02:00,EUR/USD,1.16161,1.16244,1.16094,1.1611,3615,2026-04-28T05:21:32.785156+02:00
2021-10-14T12:00:00+02:00,EUR/USD,1.1611,1.16126,1.1603,1.16106,3445,2026-04-28T05:21:32.785156+02:00
2021-10-14T13:00:00+02:00,EUR/USD,1.16107,1.16156,1.16032,1.16032,3822,2026-04-28T05:21:32.785156+02:00
2021-10-14T14:00:00+02:00,EUR/USD,1.16034,1.16086,1.15978,1.16064,6815,2026-04-28T05:21:32.785156+02:00
2021-10-14T15:00:00+02:00,EUR/USD,1.16066,1.1607,1.15916,1.1597,7255,2026-04-28T05:21:32.785156+02:00
2021-10-14T16:00:00+02:00,EUR/USD,1.1597,1.15988,1.15861,1.15898,4657,2026-04-28T05:21:32.785156+02:00
2021-10-14T17:00:00+02:00,EUR/USD,1.15896,1.15922,1.1584,1.15907,3639,2026-04-28T05:21:32.785156+02:00
2021-10-14T18:00:00+02:00,EUR/USD,1.15908,1.15949,1.15848,1.15882,2701,2026-04-28T05:21:32.785156+02:00
2021-10-14T19:00:00+02:00,EUR/USD,1.15881,1.15922,1.15846,1.15906,1730,2026-04-28T05:21:32.785156+02:00
2021-10-14T20:00:00+02:00,EUR/USD,1.15908,1.15993,1.15896,1.15992,1606,2026-04-28T05:21:32.785156+02:00
2021-10-14T21:00:00+02:00,EUR/USD,1.15991,1.16023,1.15958,1.15975,1995,2026-04-28T05:21:32.785156+02:00
2021-10-14T22:00:00+02:00,EUR/USD,1.15974,1.15994,1.15958,1.15971,730,2026-04-28T05:21:32.785156+02:00
2021-10-14T23:00:00+02:00,EUR/USD,1.15966,1.15994,1.15966,1.15984,52,2026-04-28T05:21:32.785156+02:00
2021-10-15T00:00:00+02:00,EUR/USD,1.15994,1.15994,1.15959,1.15976,356,2026-04-28T05:21:32.785156+02:00
2021-10-15T01:00:00+02:00,EUR/USD,1.15978,1.15988,1.159,1.15904,506,2026-04-28T05:21:32.785156+02:00
2021-10-15T02:00:00+02:00,EUR/USD,1.15906,1.15947,1.15882,1.15938,1427,2026-04-28T05:21:32.785156+02:00
2021-10-15T03:00:00+02:00,EUR/USD,1.1594,1.16018,1.15936,1.16,1346,2026-04-28T05:21:32.785156+02:00
2021-10-15T04:00:00+02:00,EUR/USD,1.16,1.16094,1.15972,1.16091,1439,2026-04-28T05:21:32.785156+02:00
2021-10-15T05:00:00+02:00,EUR/USD,1.16089,1.16118,1.16076,1.16082,1001,2026-04-28T05:21:32.785156+02:00
2021-10-15T06:00:00+02:00,EUR/USD,1.16081,1.16102,1.16071,1.16081,735,2026-04-28T05:21:32.785156+02:00
2021-10-15T07:00:00+02:00,EUR/USD,1.1608,1.1609,1.16042,1.16052,1181,2026-04-28T05:21:32.785156+02:00
2021-10-15T08:00:00+02:00,EUR/USD,1.16054,1.16149,1.16042,1.16144,4480,2026-04-28T05:21:32.785156+02:00
2021-10-15T09:00:00+02:00,EUR/USD,1.16144,1.16152,1.16072,1.16122,5030,2026-04-28T05:21:32.785156+02:00
2021-10-15T10:00:00+02:00,EUR/USD,1.1612,1.16188,1.15994,1.16032,4909,2026-04-28T05:21:32.785156+02:00
2021-10-15T11:00:00+02:00,EUR/USD,1.16031,1.16078,1.15987,1.16033,4608,2026-04-28T05:21:32.785156+02:00
2021-10-15T12:00:00+02:00,EUR/USD,1.16032,1.16122,1.16012,1.16101,4139,2026-04-28T05:21:32.785156+02:00
2021-10-15T13:00:00+02:00,EUR/USD,1.161,1.1611,1.15996,1.16033,4247,2026-04-28T05:21:32.785156+02:00
2021-10-15T14:00:00+02:00,EUR/USD,1.16032,1.16044,1.1589,1.15921,7783,2026-04-28T05:21:32.785156+02:00
2021-10-15T15:00:00+02:00,EUR/USD,1.15922,1.16048,1.1592,1.15936,8013,2026-04-28T05:21:32.785156+02:00
2021-10-15T16:00:00+02:00,EUR/USD,1.15938,1.16104,1.15892,1.16056,8673,2026-04-28T05:21:32.785156+02:00
2021-10-15T17:00:00+02:00,EUR/USD,1.16058,1.1609,1.15934,1.15936,5979,2026-04-28T05:21:32.785156+02:00
2021-10-15T18:00:00+02:00,EUR/USD,1.15936,1.15968,1.1591,1.1595,3072,2026-04-28T05:21:32.785156+02:00
2021-10-15T19:00:00+02:00,EUR/USD,1.15952,1.16,1.15931,1.15964,2156,2026-04-28T05:21:32.785156+02:00
2021-10-15T20:00:00+02:00,EUR/USD,1.15966,1.16059,1.1594,1.16054,2296,2026-04-28T05:21:32.785156+02:00
2021-10-15T21:00:00+02:00,EUR/USD,1.16051,1.1606,1.15999,1.16032,1888,2026-04-28T05:21:32.785156+02:00
2021-10-15T22:00:00+02:00,EUR/USD,1.16035,1.16058,1.15978,1.1599,740,2026-04-28T05:21:32.785156+02:00
2021-10-17T23:00:00+02:00,EUR/USD,1.15931,1.16024,1.15931,1.16012,87,2026-04-28T05:21:32.785156+02:00
2021-10-18T00:00:00+02:00,EUR/USD,1.16001,1.16054,1.15984,1.15997,1130,2026-04-28T05:21:32.785156+02:00
2021-10-18T01:00:00+02:00,EUR/USD,1.15998,1.16014,1.15964,1.15966,1016,2026-04-28T05:21:32.785156+02:00
2021-10-18T02:00:00+02:00,EUR/USD,1.15968,1.15978,1.1583,1.15841,1788,2026-04-28T05:21:32.785156+02:00
2021-10-18T03:00:00+02:00,EUR/USD,1.15842,1.15926,1.1583,1.15906,2242,2026-04-28T05:21:32.785156+02:00
2021-10-18T04:00:00+02:00,EUR/USD,1.15906,1.15941,1.15899,1.1591,1419,2026-04-28T05:21:32.785156+02:00
2021-10-18T05:00:00+02:00,EUR/USD,1.15909,1.15917,1.15812,1.15818,1652,2026-04-28T05:21:32.785156+02:00
2021-10-18T06:00:00+02:00,EUR/USD,1.1582,1.15829,1.1578,1.15788,972,2026-04-28T05:21:32.785156+02:00
2021-10-18T07:00:00+02:00,EUR/USD,1.15788,1.15819,1.15779,1.15784,1171,2026-04-28T05:21:32.785156+02:00
2021-10-18T08:00:00+02:00,EUR/USD,1.15786,1.15806,1.15718,1.1576,4917,2026-04-28T05:21:32.785156+02:00
2021-10-18T09:00:00+02:00,EUR/USD,1.15758,1.15933,1.15748,1.15928,6590,2026-04-28T05:21:32.785156+02:00
2021-10-18T10:00:00+02:00,EUR/USD,1.1593,1.15964,1.15804,1.15808,5735,2026-04-28T05:21:32.785156+02:00
2021-10-18T11:00:00+02:00,EUR/USD,1.15809,1.15856,1.15776,1.15823,4499,2026-04-28T05:21:32.785156+02:00
2021-10-18T12:00:00+02:00,EUR/USD,1.15824,1.15941,1.15764,1.15908,4392,2026-04-28T05:21:32.785156+02:00
2021-10-18T13:00:00+02:00,EUR/USD,1.15909,1.15979,1.15872,1.15973,4946,2026-04-28T05:21:32.785156+02:00
2021-10-18T14:00:00+02:00,EUR/USD,1.15972,1.16099,1.15938,1.16014,9356,2026-04-28T05:21:32.785156+02:00
2021-10-18T15:00:00+02:00,EUR/USD,1.16012,1.16132,1.15962,1.16014,8057,2026-04-28T05:21:32.785156+02:00
2021-10-18T16:00:00+02:00,EUR/USD,1.16012,1.16098,1.15976,1.16018,6208,2026-04-28T05:21:32.785156+02:00
2021-10-18T17:00:00+02:00,EUR/USD,1.16016,1.1609,1.15924,1.16088,4475,2026-04-28T05:21:32.785156+02:00
2021-10-18T18:00:00+02:00,EUR/USD,1.16089,1.16219,1.16086,1.16218,2752,2026-04-28T05:21:32.785156+02:00
2021-10-18T19:00:00+02:00,EUR/USD,1.16218,1.16226,1.16116,1.1613,1557,2026-04-28T05:21:32.785156+02:00
2021-10-18T20:00:00+02:00,EUR/USD,1.16131,1.16162,1.16102,1.16105,2381,2026-04-28T05:21:32.785156+02:00
2021-10-18T21:00:00+02:00,EUR/USD,1.16104,1.16135,1.16086,1.16108,2260,2026-04-28T05:21:32.785156+02:00
2021-10-18T22:00:00+02:00,EUR/USD,1.16107,1.16122,1.16091,1.16112,693,2026-04-28T05:21:32.785156+02:00
2021-10-18T23:00:00+02:00,EUR/USD,1.16102,1.16122,1.16098,1.16104,93,2026-04-28T05:21:32.785156+02:00
2021-10-19T00:00:00+02:00,EUR/USD,1.1611,1.1613,1.161,1.16101,260,2026-04-28T05:21:32.785156+02:00
2021-10-19T01:00:00+02:00,EUR/USD,1.16102,1.16138,1.16086,1.16132,345,2026-04-28T05:21:32.785156+02:00
2021-10-19T02:00:00+02:00,EUR/USD,1.16134,1.16254,1.16132,1.16251,1477,2026-04-28T05:21:32.785156+02:00
2021-10-19T03:00:00+02:00,EUR/USD,1.16252,1.16369,1.16243,1.16342,2720,2026-04-28T05:21:32.785156+02:00
2021-10-19T04:00:00+02:00,EUR/USD,1.1634,1.16428,1.16304,1.16425,1204,2026-04-28T05:21:32.785156+02:00
2021-10-19T05:00:00+02:00,EUR/USD,1.16426,1.16466,1.16393,1.16464,1350,2026-04-28T05:21:32.785156+02:00
2021-10-19T06:00:00+02:00,EUR/USD,1.16466,1.16551,1.1645,1.16456,1435,2026-04-28T05:21:32.785156+02:00
2021-10-19T07:00:00+02:00,EUR/USD,1.16458,1.16556,1.1645,1.165,1457,2026-04-28T05:21:32.785156+02:00
2021-10-19T08:00:00+02:00,EUR/USD,1.165,1.16578,1.16464,1.16513,5350,2026-04-28T05:21:32.785156+02:00
2021-10-19T09:00:00+02:00,EUR/USD,1.16514,1.16564,1.16449,1.16537,5978,2026-04-28T05:21:32.785156+02:00
2021-10-19T10:00:00+02:00,EUR/USD,1.16536,1.1661,1.16494,1.16603,5042,2026-04-28T05:21:32.785156+02:00
2021-10-19T11:00:00+02:00,EUR/USD,1.16602,1.16695,1.16535,1.16662,4551,2026-04-28T05:21:32.785156+02:00
2021-10-19T12:00:00+02:00,EUR/USD,1.1666,1.16678,1.16569,1.16595,5356,2026-04-28T05:21:32.785156+02:00
2021-10-19T13:00:00+02:00,EUR/USD,1.16596,1.16623,1.16542,1.16566,3693,2026-04-28T05:21:32.785156+02:00
2021-10-19T14:00:00+02:00,EUR/USD,1.16568,1.16573,1.16455,1.16458,5052,2026-04-28T05:21:32.785156+02:00
2021-10-19T15:00:00+02:00,EUR/USD,1.16457,1.16585,1.16414,1.16556,6668,2026-04-28T05:21:32.785156+02:00
2021-10-19T16:00:00+02:00,EUR/USD,1.16555,1.16579,1.16316,1.16438,6762,2026-04-28T05:21:32.785156+02:00
2021-10-19T17:00:00+02:00,EUR/USD,1.16438,1.16452,1.16302,1.1632,4079,2026-04-28T05:21:32.785156+02:00
2021-10-19T18:00:00+02:00,EUR/USD,1.16319,1.16366,1.16296,1.16359,2139,2026-04-28T05:21:32.785156+02:00
2021-10-19T19:00:00+02:00,EUR/USD,1.16358,1.16426,1.16338,1.16403,2167,2026-04-28T05:21:32.785156+02:00
2021-10-19T20:00:00+02:00,EUR/USD,1.16402,1.16446,1.16386,1.16399,2082,2026-04-28T05:21:32.785156+02:00
2021-10-19T21:00:00+02:00,EUR/USD,1.16398,1.16402,1.16332,1.16361,1787,2026-04-28T05:21:32.785156+02:00
2021-10-19T22:00:00+02:00,EUR/USD,1.1636,1.16362,1.16312,1.1633,846,2026-04-28T05:21:32.785156+02:00
2021-10-19T23:00:00+02:00,EUR/USD,1.16338,1.16348,1.1631,1.1631,61,2026-04-28T05:21:32.785156+02:00
2021-10-20T00:00:00+02:00,EUR/USD,1.16304,1.16363,1.16304,1.16353,594,2026-04-28T05:21:32.785156+02:00
2021-10-20T01:00:00+02:00,EUR/USD,1.16354,1.16356,1.16306,1.16313,864,2026-04-28T05:21:32.785156+02:00
2021-10-20T02:00:00+02:00,EUR/USD,1.16314,1.16354,1.16278,1.16348,2310,2026-04-28T05:21:32.785156+02:00
2021-10-20T03:00:00+02:00,EUR/USD,1.16347,1.16478,1.16328,1.16423,2702,2026-04-28T05:21:32.785156+02:00
2021-10-20T04:00:00+02:00,EUR/USD,1.16422,1.16434,1.16352,1.16378,1502,2026-04-28T05:21:32.785156+02:00
2021-10-20T05:00:00+02:00,EUR/USD,1.16379,1.16458,1.16373,1.16439,897,2026-04-28T05:21:32.785156+02:00
2021-10-20T06:00:00+02:00,EUR/USD,1.16438,1.16514,1.16433,1.1651,1338,2026-04-28T05:21:32.785156+02:00
2021-10-20T07:00:00+02:00,EUR/USD,1.16509,1.16523,1.16446,1.1645,1264,2026-04-28T05:21:32.785156+02:00
2021-10-20T08:00:00+02:00,EUR/USD,1.16452,1.16463,1.16363,1.16388,4504,2026-04-28T05:21:32.785156+02:00
2021-10-20T09:00:00+02:00,EUR/USD,1.16388,1.16404,1.1617,1.16244,6742,2026-04-28T05:21:32.785156+02:00
2021-10-20T10:00:00+02:00,EUR/USD,1.16246,1.16303,1.16217,1.16262,4097,2026-04-28T05:21:32.785156+02:00
2021-10-20T11:00:00+02:00,EUR/USD,1.16263,1.1628,1.16218,1.16249,2787,2026-04-28T05:21:32.785156+02:00
2021-10-20T12:00:00+02:00,EUR/USD,1.16248,1.1635,1.16212,1.16337,3597,2026-04-28T05:21:32.785156+02:00
2021-10-20T13:00:00+02:00,EUR/USD,1.16338,1.16364,1.16224,1.1623,3579,2026-04-28T05:21:32.785156+02:00
2021-10-20T14:00:00+02:00,EUR/USD,1.16232,1.16431,1.16218,1.16386,7042,2026-04-28T05:21:32.785156+02:00
2021-10-20T15:00:00+02:00,EUR/USD,1.16388,1.16483,1.1636,1.1648,6927,2026-04-28T05:21:32.785156+02:00
2021-10-20T16:00:00+02:00,EUR/USD,1.16479,1.16517,1.16428,1.16472,6773,2026-04-28T05:21:32.785156+02:00
2021-10-20T17:00:00+02:00,EUR/USD,1.1647,1.16492,1.1642,1.16431,4629,2026-04-28T05:21:32.785156+02:00
2021-10-20T18:00:00+02:00,EUR/USD,1.1643,1.1658,1.16421,1.16564,3491,2026-04-28T05:21:32.785156+02:00
2021-10-20T19:00:00+02:00,EUR/USD,1.16562,1.16587,1.16504,1.16528,4192,2026-04-28T05:21:32.785156+02:00
2021-10-20T20:00:00+02:00,EUR/USD,1.16527,1.16579,1.16512,1.16556,2520,2026-04-28T05:21:32.785156+02:00
2021-10-20T21:00:00+02:00,EUR/USD,1.16554,1.1657,1.16495,1.16523,1563,2026-04-28T05:21:32.785156+02:00
2021-10-20T22:00:00+02:00,EUR/USD,1.16525,1.16526,1.16478,1.1651,800,2026-04-28T05:21:32.785156+02:00
2021-10-20T23:00:00+02:00,EUR/USD,1.1652,1.1653,1.16479,1.16492,216,2026-04-28T05:21:32.785156+02:00
2021-10-21T00:00:00+02:00,EUR/USD,1.16486,1.16536,1.16486,1.16521,239,2026-04-28T05:21:32.785156+02:00
2021-10-21T01:00:00+02:00,EUR/USD,1.1652,1.16567,1.16516,1.16524,352,2026-04-28T05:21:32.785156+02:00
2021-10-21T02:00:00+02:00,EUR/USD,1.16526,1.16582,1.16512,1.16567,1751,2026-04-28T05:21:32.785156+02:00
2021-10-21T03:00:00+02:00,EUR/USD,1.16565,1.16633,1.16548,1.16612,2260,2026-04-28T05:21:32.785156+02:00
2021-10-21T04:00:00+02:00,EUR/USD,1.16611,1.16663,1.16606,1.16636,1275,2026-04-28T05:21:32.785156+02:00
2021-10-21T05:00:00+02:00,EUR/USD,1.16635,1.16676,1.16626,1.16648,1185,2026-04-28T05:21:32.785156+02:00
2021-10-21T06:00:00+02:00,EUR/USD,1.1665,1.16652,1.16506,1.16514,3206,2026-04-28T05:21:32.785156+02:00
2021-10-21T07:00:00+02:00,EUR/USD,1.16516,1.16534,1.16482,1.16522,1753,2026-04-28T05:21:32.785156+02:00
2021-10-21T08:00:00+02:00,EUR/USD,1.16521,1.16569,1.16454,1.16472,4457,2026-04-28T05:21:32.785156+02:00
2021-10-21T09:00:00+02:00,EUR/USD,1.16472,1.16473,1.16362,1.16411,5906,2026-04-28T05:21:32.785156+02:00
2021-10-21T10:00:00+02:00,EUR/USD,1.16412,1.16436,1.16341,1.1642,4539,2026-04-28T05:21:32.785156+02:00
2021-10-21T11:00:00+02:00,EUR/USD,1.16419,1.1645,1.1638,1.16416,3352,2026-04-28T05:21:32.785156+02:00
2021-10-21T12:00:00+02:00,EUR/USD,1.16417,1.16428,1.16364,1.16402,2994,2026-04-28T05:21:32.785156+02:00
2021-10-21T13:00:00+02:00,EUR/USD,1.16404,1.16454,1.16388,1.1642,4082,2026-04-28T05:21:32.785156+02:00
2021-10-21T14:00:00+02:00,EUR/USD,1.16422,1.1651,1.16312,1.16433,8579,2026-04-28T05:21:32.785156+02:00
2021-10-21T15:00:00+02:00,EUR/USD,1.16434,1.16486,1.16405,1.16444,8196,2026-04-28T05:21:32.785156+02:00
2021-10-21T16:00:00+02:00,EUR/USD,1.16446,1.16517,1.16355,1.16453,8053,2026-04-28T05:21:32.785156+02:00
2021-10-21T17:00:00+02:00,EUR/USD,1.16452,1.16466,1.16378,1.16418,4543,2026-04-28T05:21:32.785156+02:00
2021-10-21T18:00:00+02:00,EUR/USD,1.16416,1.16437,1.1634,1.16359,2586,2026-04-28T05:21:32.785156+02:00
2021-10-21T19:00:00+02:00,EUR/USD,1.16358,1.16398,1.1626,1.16266,2921,2026-04-28T05:21:32.785156+02:00
2021-10-21T20:00:00+02:00,EUR/USD,1.16268,1.1628,1.1622,1.16239,2343,2026-04-28T05:21:32.785156+02:00
2021-10-21T21:00:00+02:00,EUR/USD,1.16241,1.16254,1.16204,1.16223,2187,2026-04-28T05:21:32.785156+02:00
2021-10-21T22:00:00+02:00,EUR/USD,1.16222,1.1625,1.16196,1.16249,1082,2026-04-28T05:21:32.785156+02:00
2021-10-21T23:00:00+02:00,EUR/USD,1.16226,1.16263,1.16226,1.16257,125,2026-04-28T05:21:32.785156+02:00
2021-10-22T00:00:00+02:00,EUR/USD,1.16254,1.16256,1.16236,1.16244,326,2026-04-28T05:21:32.785156+02:00
2021-10-22T01:00:00+02:00,EUR/USD,1.16246,1.16263,1.1623,1.16248,408,2026-04-28T05:21:32.785156+02:00
2021-10-22T02:00:00+02:00,EUR/USD,1.16246,1.16283,1.16214,1.16258,1373,2026-04-28T05:21:32.785156+02:00
2021-10-22T03:00:00+02:00,EUR/USD,1.16256,1.1632,1.1625,1.16294,1542,2026-04-28T05:21:32.785156+02:00
2021-10-22T04:00:00+02:00,EUR/USD,1.16292,1.16298,1.1626,1.1628,1098,2026-04-28T05:21:32.785156+02:00
2021-10-22T05:00:00+02:00,EUR/USD,1.16279,1.16295,1.16258,1.16273,637,2026-04-28T05:21:32.785156+02:00
2021-10-22T06:00:00+02:00,EUR/USD,1.16271,1.16291,1.16249,1.16262,546,2026-04-28T05:21:32.785156+02:00
2021-10-22T07:00:00+02:00,EUR/USD,1.16263,1.16297,1.16254,1.1627,868,2026-04-28T05:21:32.785156+02:00
2021-10-22T08:00:00+02:00,EUR/USD,1.16268,1.16384,1.16234,1.16365,4383,2026-04-28T05:21:32.785156+02:00
2021-10-22T09:00:00+02:00,EUR/USD,1.16367,1.16468,1.16352,1.16422,5626,2026-04-28T05:21:32.785156+02:00
2021-10-22T10:00:00+02:00,EUR/USD,1.16423,1.16466,1.16391,1.16412,4292,2026-04-28T05:21:32.785156+02:00
2021-10-22T11:00:00+02:00,EUR/USD,1.16412,1.16427,1.16338,1.16422,3528,2026-04-28T05:21:32.785156+02:00
2021-10-22T12:00:00+02:00,EUR/USD,1.16424,1.16435,1.16364,1.16368,2847,2026-04-28T05:21:32.785156+02:00
2021-10-22T13:00:00+02:00,EUR/USD,1.1637,1.16443,1.16312,1.16312,3583,2026-04-28T05:21:32.785156+02:00
2021-10-22T14:00:00+02:00,EUR/USD,1.16313,1.16391,1.16246,1.16374,6000,2026-04-28T05:21:32.785156+02:00
2021-10-22T15:00:00+02:00,EUR/USD,1.16372,1.16474,1.16333,1.1645,6070,2026-04-28T05:21:32.785156+02:00
2021-10-22T16:00:00+02:00,EUR/USD,1.16451,1.16513,1.16408,1.16458,5890,2026-04-28T05:21:32.785156+02:00
2021-10-22T17:00:00+02:00,EUR/USD,1.16456,1.16558,1.16255,1.1632,11940,2026-04-28T05:21:32.785156+02:00
2021-10-22T18:00:00+02:00,EUR/USD,1.16319,1.16349,1.1622,1.16326,5051,2026-04-28T05:21:32.785156+02:00
2021-10-22T19:00:00+02:00,EUR/USD,1.16324,1.1634,1.16242,1.16304,3471,2026-04-28T05:21:32.785156+02:00
2021-10-22T20:00:00+02:00,EUR/USD,1.16305,1.16391,1.16296,1.16364,2182,2026-04-28T05:21:32.785156+02:00
2021-10-22T21:00:00+02:00,EUR/USD,1.16364,1.16438,1.16352,1.16434,1375,2026-04-28T05:21:32.785156+02:00
2021-10-22T22:00:00+02:00,EUR/USD,1.16436,1.16462,1.164,1.16459,665,2026-04-28T05:21:32.785156+02:00
2021-10-24T23:00:00+02:00,EUR/USD,1.16412,1.16432,1.16385,1.16385,42,2026-04-28T05:21:32.785156+02:00
2021-10-25T00:00:00+02:00,EUR/USD,1.1638,1.16454,1.16369,1.16447,651,2026-04-28T05:21:32.785156+02:00
2021-10-25T01:00:00+02:00,EUR/USD,1.16448,1.16448,1.16358,1.16393,656,2026-04-28T05:21:32.785156+02:00
2021-10-25T02:00:00+02:00,EUR/USD,1.16395,1.16484,1.1639,1.16456,2129,2026-04-28T05:21:32.785156+02:00
2021-10-25T03:00:00+02:00,EUR/USD,1.16458,1.16468,1.16393,1.1643,2056,2026-04-28T05:21:32.785156+02:00
2021-10-25T04:00:00+02:00,EUR/USD,1.16428,1.16494,1.16414,1.16487,1146,2026-04-28T05:21:32.785156+02:00
2021-10-25T05:00:00+02:00,EUR/USD,1.16485,1.16652,1.16485,1.1664,1435,2026-04-28T05:21:32.785156+02:00
2021-10-25T06:00:00+02:00,EUR/USD,1.16638,1.16654,1.16586,1.166,746,2026-04-28T05:21:32.785156+02:00
2021-10-25T07:00:00+02:00,EUR/USD,1.16601,1.16601,1.16556,1.16571,903,2026-04-28T05:21:32.785156+02:00
2021-10-25T08:00:00+02:00,EUR/USD,1.16572,1.16616,1.16424,1.16449,4071,2026-04-28T05:21:32.785156+02:00
2021-10-25T09:00:00+02:00,EUR/USD,1.16446,1.16644,1.16412,1.16582,5240,2026-04-28T05:21:32.785156+02:00
2021-10-25T10:00:00+02:00,EUR/USD,1.16584,1.166,1.16454,1.165,5473,2026-04-28T05:21:32.785156+02:00
2021-10-25T11:00:00+02:00,EUR/USD,1.16499,1.165,1.16226,1.16268,5668,2026-04-28T05:21:32.785156+02:00
2021-10-25T12:00:00+02:00,EUR/USD,1.16267,1.16273,1.16194,1.16239,3929,2026-04-28T05:21:32.785156+02:00
2021-10-25T13:00:00+02:00,EUR/USD,1.16238,1.16268,1.16033,1.16078,5176,2026-04-28T05:21:32.785156+02:00
2021-10-25T14:00:00+02:00,EUR/USD,1.16079,1.16094,1.15906,1.15948,6048,2026-04-28T05:21:32.785156+02:00
2021-10-25T15:00:00+02:00,EUR/USD,1.15946,1.16136,1.15936,1.16116,7374,2026-04-28T05:21:32.785156+02:00
2021-10-25T16:00:00+02:00,EUR/USD,1.16117,1.16144,1.1607,1.16131,5810,2026-04-28T05:21:32.785156+02:00
2021-10-25T17:00:00+02:00,EUR/USD,1.1613,1.16153,1.16102,1.16104,3356,2026-04-28T05:21:32.785156+02:00
2021-10-25T18:00:00+02:00,EUR/USD,1.16101,1.1611,1.1605,1.16056,2475,2026-04-28T05:21:32.785156+02:00
2021-10-25T19:00:00+02:00,EUR/USD,1.16058,1.16128,1.16056,1.16114,1517,2026-04-28T05:21:32.785156+02:00
2021-10-25T20:00:00+02:00,EUR/USD,1.16116,1.1617,1.16114,1.16129,1454,2026-04-28T05:21:32.785156+02:00
2021-10-25T21:00:00+02:00,EUR/USD,1.16131,1.16136,1.1608,1.16124,1313,2026-04-28T05:21:32.785156+02:00
2021-10-25T22:00:00+02:00,EUR/USD,1.16126,1.16127,1.16094,1.16106,530,2026-04-28T05:21:32.785156+02:00
2021-10-25T23:00:00+02:00,EUR/USD,1.16076,1.16126,1.16062,1.16117,68,2026-04-28T05:21:32.785156+02:00
2021-10-26T00:00:00+02:00,EUR/USD,1.16114,1.16123,1.16078,1.16079,273,2026-04-28T05:21:32.785156+02:00
2021-10-26T01:00:00+02:00,EUR/USD,1.16081,1.16094,1.16061,1.16088,287,2026-04-28T05:21:32.785156+02:00
2021-10-26T02:00:00+02:00,EUR/USD,1.16089,1.16102,1.1599,1.16041,1241,2026-04-28T05:21:32.785156+02:00
2021-10-26T03:00:00+02:00,EUR/USD,1.16042,1.16096,1.16022,1.16039,1466,2026-04-28T05:21:32.785156+02:00
2021-10-26T04:00:00+02:00,EUR/USD,1.1604,1.16072,1.1598,1.16014,1314,2026-04-28T05:21:32.785156+02:00
2021-10-26T05:00:00+02:00,EUR/USD,1.16016,1.16018,1.1597,1.16008,860,2026-04-28T05:21:32.785156+02:00
2021-10-26T06:00:00+02:00,EUR/USD,1.16006,1.16046,1.15988,1.16045,775,2026-04-28T05:21:32.785156+02:00
2021-10-26T07:00:00+02:00,EUR/USD,1.16044,1.16053,1.16007,1.16028,906,2026-04-28T05:21:32.785156+02:00
2021-10-26T08:00:00+02:00,EUR/USD,1.1603,1.16066,1.16016,1.16047,2840,2026-04-28T05:21:32.785156+02:00
2021-10-26T09:00:00+02:00,EUR/USD,1.16048,1.16064,1.15942,1.15981,5864,2026-04-28T05:21:32.785156+02:00
2021-10-26T10:00:00+02:00,EUR/USD,1.15982,1.16134,1.1597,1.16088,4703,2026-04-28T05:21:32.785156+02:00
2021-10-26T11:00:00+02:00,EUR/USD,1.16086,1.16181,1.16058,1.16165,3694,2026-04-28T05:21:32.785156+02:00
2021-10-26T12:00:00+02:00,EUR/USD,1.16167,1.16246,1.16158,1.16225,3926,2026-04-28T05:21:32.785156+02:00
2021-10-26T13:00:00+02:00,EUR/USD,1.16226,1.16258,1.1616,1.1616,4304,2026-04-28T05:21:32.785156+02:00
2021-10-26T14:00:00+02:00,EUR/USD,1.16161,1.16211,1.16112,1.16179,6797,2026-04-28T05:21:32.785156+02:00
2021-10-26T15:00:00+02:00,EUR/USD,1.16178,1.16226,1.16018,1.16111,7024,2026-04-28T05:21:32.785156+02:00
2021-10-26T16:00:00+02:00,EUR/USD,1.16113,1.16127,1.15905,1.15932,6790,2026-04-28T05:21:32.785156+02:00
2021-10-26T17:00:00+02:00,EUR/USD,1.15934,1.15974,1.15849,1.15903,5338,2026-04-28T05:21:32.785156+02:00
2021-10-26T18:00:00+02:00,EUR/USD,1.15902,1.1593,1.15854,1.1587,2614,2026-04-28T05:21:32.785156+02:00
2021-10-26T19:00:00+02:00,EUR/USD,1.15872,1.15958,1.15868,1.15948,2140,2026-04-28T05:21:32.785156+02:00
2021-10-26T20:00:00+02:00,EUR/USD,1.15948,1.16,1.15948,1.15971,1324,2026-04-28T05:21:32.785156+02:00
2021-10-26T21:00:00+02:00,EUR/USD,1.15972,1.16004,1.15967,1.15983,1276,2026-04-28T05:21:32.785156+02:00
2021-10-26T22:00:00+02:00,EUR/USD,1.15984,1.1601,1.15958,1.15964,666,2026-04-28T05:21:32.785156+02:00
2021-10-26T23:00:00+02:00,EUR/USD,1.15925,1.15988,1.159,1.15934,425,2026-04-28T05:21:32.785156+02:00
2021-10-27T00:00:00+02:00,EUR/USD,1.15926,1.15952,1.15926,1.15948,631,2026-04-28T05:21:32.785156+02:00
2021-10-27T01:00:00+02:00,EUR/USD,1.1595,1.15964,1.15938,1.15963,304,2026-04-28T05:21:32.785156+02:00
2021-10-27T02:00:00+02:00,EUR/USD,1.15966,1.16044,1.15959,1.16024,1552,2026-04-28T05:21:32.785156+02:00
2021-10-27T03:00:00+02:00,EUR/USD,1.16026,1.16044,1.15982,1.15988,1169,2026-04-28T05:21:32.785156+02:00
2021-10-27T04:00:00+02:00,EUR/USD,1.1599,1.1601,1.15978,1.15988,736,2026-04-28T05:21:32.785156+02:00
2021-10-27T05:00:00+02:00,EUR/USD,1.15988,1.16042,1.15983,1.16014,575,2026-04-28T05:21:32.785156+02:00
2021-10-27T06:00:00+02:00,EUR/USD,1.16013,1.16052,1.16004,1.16032,536,2026-04-28T05:21:32.785156+02:00
2021-10-27T07:00:00+02:00,EUR/USD,1.16034,1.16042,1.15956,1.15963,1017,2026-04-28T05:21:32.785156+02:00
2021-10-27T08:00:00+02:00,EUR/USD,1.15961,1.1608,1.15954,1.16062,3443,2026-04-28T05:21:32.785156+02:00
2021-10-27T09:00:00+02:00,EUR/USD,1.16062,1.16131,1.16022,1.16054,5602,2026-04-28T05:21:32.785156+02:00
2021-10-27T10:00:00+02:00,EUR/USD,1.16052,1.16065,1.1592,1.15948,5858,2026-04-28T05:21:32.785156+02:00
2021-10-27T11:00:00+02:00,EUR/USD,1.15949,1.15972,1.15848,1.15914,5102,2026-04-28T05:21:32.785156+02:00
2021-10-27T12:00:00+02:00,EUR/USD,1.15914,1.15957,1.15871,1.15945,3668,2026-04-28T05:21:32.785156+02:00
2021-10-27T13:00:00+02:00,EUR/USD,1.15944,1.16077,1.15938,1.16048,4515,2026-04-28T05:21:32.785156+02:00
2021-10-27T14:00:00+02:00,EUR/USD,1.16046,1.16262,1.16036,1.16181,7385,2026-04-28T05:21:32.785156+02:00
2021-10-27T15:00:00+02:00,EUR/USD,1.1618,1.16215,1.16124,1.1618,7179,2026-04-28T05:21:32.785156+02:00
2021-10-27T16:00:00+02:00,EUR/USD,1.16178,1.16242,1.1595,1.15974,15452,2026-04-28T05:21:32.785156+02:00
2021-10-27T17:00:00+02:00,EUR/USD,1.15974,1.16017,1.1588,1.16,7930,2026-04-28T05:21:32.785156+02:00
2021-10-27T18:00:00+02:00,EUR/USD,1.16002,1.16096,1.15984,1.16089,4264,2026-04-28T05:21:32.785156+02:00
2021-10-27T19:00:00+02:00,EUR/USD,1.16088,1.16162,1.16078,1.16153,3713,2026-04-28T05:21:32.785156+02:00
2021-10-27T20:00:00+02:00,EUR/USD,1.16154,1.16162,1.16088,1.16091,2503,2026-04-28T05:21:32.785156+02:00
2021-10-27T21:00:00+02:00,EUR/USD,1.16092,1.16094,1.15988,1.16002,4135,2026-04-28T05:21:32.785156+02:00
2021-10-27T22:00:00+02:00,EUR/USD,1.16,1.16045,1.15986,1.16033,871,2026-04-28T05:21:32.785156+02:00
2021-10-27T23:00:00+02:00,EUR/USD,1.16036,1.16038,1.16026,1.16026,95,2026-04-28T05:21:32.785156+02:00
2021-10-28T00:00:00+02:00,EUR/USD,1.16022,1.16051,1.16018,1.16025,286,2026-04-28T05:21:32.785156+02:00
2021-10-28T01:00:00+02:00,EUR/USD,1.16028,1.16029,1.15985,1.15986,433,2026-04-28T05:21:32.785156+02:00
2021-10-28T02:00:00+02:00,EUR/USD,1.15984,1.16016,1.15902,1.15926,1037,2026-04-28T05:21:32.785156+02:00
2021-10-28T03:00:00+02:00,EUR/USD,1.15924,1.16048,1.15894,1.16043,2301,2026-04-28T05:21:32.785156+02:00
2021-10-28T04:00:00+02:00,EUR/USD,1.16042,1.16098,1.16027,1.16092,2045,2026-04-28T05:21:32.785156+02:00
2021-10-28T05:00:00+02:00,EUR/USD,1.1609,1.16092,1.16029,1.16057,1209,2026-04-28T05:21:32.785156+02:00
2021-10-28T06:00:00+02:00,EUR/USD,1.16056,1.16074,1.16038,1.16066,815,2026-04-28T05:21:32.785156+02:00
2021-10-28T07:00:00+02:00,EUR/USD,1.16068,1.1608,1.16006,1.1601,943,2026-04-28T05:21:32.785156+02:00
2021-10-28T08:00:00+02:00,EUR/USD,1.16012,1.16062,1.15962,1.15979,4350,2026-04-28T05:21:32.785156+02:00
2021-10-28T09:00:00+02:00,EUR/USD,1.1598,1.1614,1.15954,1.16087,5474,2026-04-28T05:21:32.785156+02:00
2021-10-28T10:00:00+02:00,EUR/USD,1.16088,1.16145,1.15835,1.15902,6292,2026-04-28T05:21:32.785156+02:00
2021-10-28T11:00:00+02:00,EUR/USD,1.159,1.15938,1.15823,1.15926,5170,2026-04-28T05:21:32.785156+02:00
2021-10-28T12:00:00+02:00,EUR/USD,1.15928,1.16073,1.15908,1.16064,3554,2026-04-28T05:21:32.785156+02:00
2021-10-28T13:00:00+02:00,EUR/USD,1.16066,1.16178,1.15921,1.15969,6211,2026-04-28T05:21:32.785156+02:00
2021-10-28T14:00:00+02:00,EUR/USD,1.1597,1.16361,1.15824,1.163,16100,2026-04-28T05:21:32.785156+02:00
2021-10-28T15:00:00+02:00,EUR/USD,1.16303,1.16601,1.16246,1.16576,15610,2026-04-28T05:21:32.785156+02:00
2021-10-28T16:00:00+02:00,EUR/USD,1.16575,1.16866,1.16575,1.16756,11520,2026-04-28T05:21:32.785156+02:00
2021-10-28T17:00:00+02:00,EUR/USD,1.16758,1.16923,1.16744,1.16843,7328,2026-04-28T05:21:32.785156+02:00
2021-10-28T18:00:00+02:00,EUR/USD,1.16841,1.16885,1.16775,1.16786,3724,2026-04-28T05:21:32.785156+02:00
2021-10-28T19:00:00+02:00,EUR/USD,1.16784,1.16886,1.16712,1.16874,3690,2026-04-28T05:21:32.785156+02:00
2021-10-28T20:00:00+02:00,EUR/USD,1.16873,1.16893,1.16814,1.16838,2097,2026-04-28T05:21:32.785156+02:00
2021-10-28T21:00:00+02:00,EUR/USD,1.16837,1.16844,1.16791,1.16806,2561,2026-04-28T05:21:32.785156+02:00
2021-10-28T22:00:00+02:00,EUR/USD,1.16804,1.1685,1.16782,1.1683,1245,2026-04-28T05:21:32.785156+02:00
2021-10-28T23:00:00+02:00,EUR/USD,1.1683,1.16841,1.16794,1.16818,199,2026-04-28T05:21:32.785156+02:00
2021-10-29T00:00:00+02:00,EUR/USD,1.1682,1.1684,1.16801,1.1684,882,2026-04-28T05:21:32.785156+02:00
2021-10-29T01:00:00+02:00,EUR/USD,1.16839,1.16872,1.1681,1.16822,489,2026-04-28T05:21:32.785156+02:00
2021-10-29T02:00:00+02:00,EUR/USD,1.16824,1.16901,1.168,1.16844,2043,2026-04-28T05:21:32.785156+02:00
2021-10-29T03:00:00+02:00,EUR/USD,1.16843,1.16861,1.16749,1.16774,2370,2026-04-28T05:21:32.785156+02:00
2021-10-29T04:00:00+02:00,EUR/USD,1.16772,1.16774,1.1673,1.1676,1222,2026-04-28T05:21:32.785156+02:00
2021-10-29T05:00:00+02:00,EUR/USD,1.16757,1.16776,1.16734,1.16766,874,2026-04-28T05:21:32.785156+02:00
2021-10-29T06:00:00+02:00,EUR/USD,1.16764,1.16774,1.16639,1.16644,1021,2026-04-28T05:21:32.785156+02:00
2021-10-29T07:00:00+02:00,EUR/USD,1.16644,1.16742,1.16638,1.16677,2307,2026-04-28T05:21:32.785156+02:00
2021-10-29T08:00:00+02:00,EUR/USD,1.16678,1.16709,1.16581,1.16628,3327,2026-04-28T05:21:32.785156+02:00
2021-10-29T09:00:00+02:00,EUR/USD,1.1663,1.16758,1.16624,1.16704,5344,2026-04-28T05:21:32.785156+02:00
2021-10-29T10:00:00+02:00,EUR/USD,1.16706,1.16712,1.16491,1.16508,5096,2026-04-28T05:21:32.785156+02:00
2021-10-29T11:00:00+02:00,EUR/USD,1.16511,1.16555,1.1645,1.16532,5261,2026-04-28T05:21:32.785156+02:00
2021-10-29T12:00:00+02:00,EUR/USD,1.1653,1.16569,1.16484,1.16529,4219,2026-04-28T05:21:32.785156+02:00
2021-10-29T13:00:00+02:00,EUR/USD,1.16527,1.16542,1.16458,1.16471,3903,2026-04-28T05:21:32.785156+02:00
2021-10-29T14:00:00+02:00,EUR/USD,1.16469,1.16482,1.16212,1.16256,11040,2026-04-28T05:21:32.785156+02:00
2021-10-29T15:00:00+02:00,EUR/USD,1.16258,1.1636,1.16184,1.16193,8519,2026-04-28T05:21:32.785156+02:00
2021-10-29T16:00:00+02:00,EUR/USD,1.16194,1.16195,1.15652,1.1571,13991,2026-04-28T05:21:32.785156+02:00
2021-10-29T17:00:00+02:00,EUR/USD,1.15714,1.15775,1.15456,1.15496,10783,2026-04-28T05:21:32.785156+02:00
2021-10-29T18:00:00+02:00,EUR/USD,1.15498,1.15518,1.15352,1.15386,5713,2026-04-28T05:21:32.785156+02:00
2021-10-29T19:00:00+02:00,EUR/USD,1.15387,1.15566,1.1538,1.15556,3000,2026-04-28T05:21:32.785156+02:00
2021-10-29T20:00:00+02:00,EUR/USD,1.15558,1.15628,1.15551,1.15592,2263,2026-04-28T05:21:32.785156+02:00
2021-10-29T21:00:00+02:00,EUR/USD,1.15593,1.15604,1.15524,1.15595,2477,2026-04-28T05:21:32.785156+02:00
2021-10-29T22:00:00+02:00,EUR/USD,1.15594,1.15653,1.15562,1.15619,1286,2026-04-28T05:21:32.785156+02:00
2021-10-31T22:00:00+01:00,EUR/USD,1.15596,1.15652,1.15581,1.15632,130,2026-04-28T05:21:32.785156+02:00
2021-10-31T23:00:00+01:00,EUR/USD,1.1563,1.15651,1.15573,1.15608,1166,2026-04-28T05:21:32.785156+02:00
2021-11-01T00:00:00+01:00,EUR/USD,1.1561,1.1563,1.15555,1.15563,483,2026-04-28T05:21:32.785156+02:00
2021-11-01T01:00:00+01:00,EUR/USD,1.15564,1.15605,1.15514,1.1555,1319,2026-04-28T05:21:32.785156+02:00
2021-11-01T02:00:00+01:00,EUR/USD,1.15551,1.15605,1.15536,1.15565,1279,2026-04-28T05:21:32.785156+02:00
2021-11-01T03:00:00+01:00,EUR/USD,1.15564,1.15586,1.15529,1.15543,801,2026-04-28T05:21:32.785156+02:00
2021-11-01T04:00:00+01:00,EUR/USD,1.15544,1.15582,1.15502,1.15505,700,2026-04-28T05:21:32.785156+02:00
2021-11-01T05:00:00+01:00,EUR/USD,1.15504,1.1552,1.15461,1.15516,911,2026-04-28T05:21:32.785156+02:00
2021-11-01T06:00:00+01:00,EUR/USD,1.15518,1.15638,1.15504,1.15636,1289,2026-04-28T05:21:32.785156+02:00
2021-11-01T07:00:00+01:00,EUR/USD,1.15635,1.15637,1.1554,1.1555,3085,2026-04-28T05:21:32.785156+02:00
2021-11-01T08:00:00+01:00,EUR/USD,1.15552,1.15644,1.15472,1.15638,5426,2026-04-28T05:21:32.785156+02:00
2021-11-01T09:00:00+01:00,EUR/USD,1.15637,1.15754,1.15598,1.15722,6145,2026-04-28T05:21:32.785156+02:00
2021-11-01T10:00:00+01:00,EUR/USD,1.15721,1.1574,1.1562,1.15658,4562,2026-04-28T05:21:32.785156+02:00
2021-11-01T11:00:00+01:00,EUR/USD,1.15659,1.15729,1.15648,1.15714,3460,2026-04-28T05:21:32.785156+02:00
2021-11-01T12:00:00+01:00,EUR/USD,1.15712,1.15772,1.15667,1.15718,4185,2026-04-28T05:21:32.785156+02:00
2021-11-01T13:00:00+01:00,EUR/USD,1.15716,1.15799,1.15706,1.15776,6111,2026-04-28T05:21:32.785156+02:00
2021-11-01T14:00:00+01:00,EUR/USD,1.15775,1.15804,1.1569,1.15726,6141,2026-04-28T05:21:32.785156+02:00
2021-11-01T15:00:00+01:00,EUR/USD,1.15725,1.1584,1.15656,1.1584,6838,2026-04-28T05:21:32.785156+02:00
2021-11-01T16:00:00+01:00,EUR/USD,1.15838,1.15941,1.158,1.15912,5572,2026-04-28T05:21:32.785156+02:00
2021-11-01T17:00:00+01:00,EUR/USD,1.15914,1.15925,1.15858,1.1592,3442,2026-04-28T05:21:32.785156+02:00
2021-11-01T18:00:00+01:00,EUR/USD,1.15921,1.15949,1.15885,1.15944,2555,2026-04-28T05:21:32.785156+02:00
2021-11-01T19:00:00+01:00,EUR/USD,1.15946,1.1609,1.15944,1.16062,2826,2026-04-28T05:21:32.785156+02:00
2021-11-01T20:00:00+01:00,EUR/USD,1.1606,1.16068,1.16015,1.16064,1832,2026-04-28T05:21:32.785156+02:00
2021-11-01T21:00:00+01:00,EUR/USD,1.16062,1.1609,1.16046,1.16062,760,2026-04-28T05:21:32.785156+02:00
2021-11-01T22:00:00+01:00,EUR/USD,1.16042,1.16064,1.16012,1.16048,154,2026-04-28T05:21:32.785156+02:00
2021-11-01T23:00:00+01:00,EUR/USD,1.16045,1.16062,1.16012,1.1602,364,2026-04-28T05:21:32.785156+02:00
2021-11-02T00:00:00+01:00,EUR/USD,1.16022,1.16028,1.1598,1.15996,481,2026-04-28T05:21:32.785156+02:00
2021-11-02T01:00:00+01:00,EUR/USD,1.15997,1.16016,1.15954,1.1597,945,2026-04-28T05:21:32.785156+02:00
2021-11-02T02:00:00+01:00,EUR/USD,1.15972,1.15984,1.15951,1.15978,927,2026-04-28T05:21:32.785156+02:00
2021-11-02T03:00:00+01:00,EUR/USD,1.1598,1.16002,1.15959,1.16001,649,2026-04-28T05:21:32.785156+02:00
2021-11-02T04:00:00+01:00,EUR/USD,1.16,1.16018,1.15964,1.15992,1428,2026-04-28T05:21:32.785156+02:00
2021-11-02T05:00:00+01:00,EUR/USD,1.15994,1.16086,1.15986,1.1604,967,2026-04-28T05:21:32.785156+02:00
2021-11-02T06:00:00+01:00,EUR/USD,1.16038,1.16074,1.16021,1.16073,1141,2026-04-28T05:21:32.785156+02:00
2021-11-02T07:00:00+01:00,EUR/USD,1.16073,1.16074,1.16002,1.16043,2626,2026-04-28T05:21:32.785156+02:00
2021-11-02T08:00:00+01:00,EUR/USD,1.16044,1.16136,1.16034,1.16088,3944,2026-04-28T05:21:32.785156+02:00
2021-11-02T09:00:00+01:00,EUR/USD,1.16089,1.1611,1.15874,1.15886,5089,2026-04-28T05:21:32.785156+02:00
2021-11-02T10:00:00+01:00,EUR/USD,1.15888,1.15995,1.15859,1.15985,3983,2026-04-28T05:21:32.785156+02:00
2021-11-02T11:00:00+01:00,EUR/USD,1.15986,1.16063,1.15903,1.16063,3670,2026-04-28T05:21:32.785156+02:00
2021-11-02T12:00:00+01:00,EUR/USD,1.16062,1.16062,1.1591,1.16028,4049,2026-04-28T05:21:32.785156+02:00
2021-11-02T13:00:00+01:00,EUR/USD,1.1603,1.16077,1.15972,1.16072,5436,2026-04-28T05:21:32.785156+02:00
2021-11-02T14:00:00+01:00,EUR/USD,1.1607,1.16077,1.1589,1.15913,5422,2026-04-28T05:21:32.785156+02:00
2021-11-02T15:00:00+01:00,EUR/USD,1.15912,1.15986,1.15822,1.15914,6510,2026-04-28T05:21:32.785156+02:00
2021-11-02T16:00:00+01:00,EUR/USD,1.15916,1.15995,1.1578,1.15806,5695,2026-04-28T05:21:32.785156+02:00
2021-11-02T17:00:00+01:00,EUR/USD,1.15807,1.15845,1.15752,1.1578,3745,2026-04-28T05:21:32.785156+02:00
2021-11-02T18:00:00+01:00,EUR/USD,1.15782,1.15846,1.1577,1.15832,2178,2026-04-28T05:21:32.785156+02:00
2021-11-02T19:00:00+01:00,EUR/USD,1.15831,1.15854,1.15771,1.15816,1982,2026-04-28T05:21:32.785156+02:00
2021-11-02T20:00:00+01:00,EUR/USD,1.15815,1.15841,1.15796,1.15834,1645,2026-04-28T05:21:32.785156+02:00
2021-11-02T21:00:00+01:00,EUR/USD,1.15832,1.15832,1.15786,1.15799,628,2026-04-28T05:21:32.785156+02:00
2021-11-02T22:00:00+01:00,EUR/USD,1.15788,1.1582,1.1576,1.15786,96,2026-04-28T05:21:32.785156+02:00
2021-11-02T23:00:00+01:00,EUR/USD,1.15794,1.15822,1.15784,1.15791,272,2026-04-28T05:21:32.785156+02:00
2021-11-03T00:00:00+01:00,EUR/USD,1.15792,1.15798,1.15764,1.15792,227,2026-04-28T05:21:32.785156+02:00
2021-11-03T01:00:00+01:00,EUR/USD,1.15792,1.158,1.1575,1.158,411,2026-04-28T05:21:32.785156+02:00
2021-11-03T02:00:00+01:00,EUR/USD,1.15798,1.15832,1.15775,1.15826,679,2026-04-28T05:21:32.785156+02:00
2021-11-03T03:00:00+01:00,EUR/USD,1.15828,1.15873,1.15799,1.15841,636,2026-04-28T05:21:32.785156+02:00
2021-11-03T04:00:00+01:00,EUR/USD,1.1584,1.15851,1.1582,1.15832,505,2026-04-28T05:21:32.785156+02:00
2021-11-03T05:00:00+01:00,EUR/USD,1.1583,1.15838,1.15804,1.15836,334,2026-04-28T05:21:32.785156+02:00
2021-11-03T06:00:00+01:00,EUR/USD,1.15838,1.15858,1.15806,1.15854,558,2026-04-28T05:21:32.785156+02:00
2021-11-03T07:00:00+01:00,EUR/USD,1.15853,1.15859,1.1581,1.15828,1176,2026-04-28T05:21:32.785156+02:00
2021-11-03T08:00:00+01:00,EUR/USD,1.15827,1.15878,1.15788,1.1581,3017,2026-04-28T05:21:32.785156+02:00
2021-11-03T09:00:00+01:00,EUR/USD,1.15806,1.15893,1.15784,1.15856,4009,2026-04-28T05:21:32.785156+02:00
2021-11-03T10:00:00+01:00,EUR/USD,1.15855,1.1598,1.15847,1.15928,3849,2026-04-28T05:21:32.785156+02:00
2021-11-03T11:00:00+01:00,EUR/USD,1.1593,1.1593,1.15792,1.15905,4485,2026-04-28T05:21:32.785156+02:00
2021-11-03T12:00:00+01:00,EUR/USD,1.15904,1.1593,1.1583,1.15874,3114,2026-04-28T05:21:32.785156+02:00
2021-11-03T13:00:00+01:00,EUR/USD,1.15876,1.15898,1.15774,1.15837,6343,2026-04-28T05:21:32.785156+02:00
2021-11-03T14:00:00+01:00,EUR/USD,1.15836,1.15837,1.15684,1.15712,5683,2026-04-28T05:21:32.785156+02:00
2021-11-03T15:00:00+01:00,EUR/USD,1.15704,1.15802,1.15624,1.15782,8080,2026-04-28T05:21:32.785156+02:00
2021-11-03T16:00:00+01:00,EUR/USD,1.15784,1.1586,1.15734,1.15846,5409,2026-04-28T05:21:32.785156+02:00
2021-11-03T17:00:00+01:00,EUR/USD,1.15844,1.1586,1.1578,1.15827,3651,2026-04-28T05:21:32.785156+02:00
2021-11-03T18:00:00+01:00,EUR/USD,1.15828,1.15875,1.15783,1.15835,2227,2026-04-28T05:21:32.785156+02:00
2021-11-03T19:00:00+01:00,EUR/USD,1.15838,1.16164,1.1572,1.16102,26560,2026-04-28T05:21:32.785156+02:00
2021-11-03T20:00:00+01:00,EUR/USD,1.16104,1.16158,1.15951,1.16074,9664,2026-04-28T05:21:32.785156+02:00
2021-11-03T21:00:00+01:00,EUR/USD,1.16077,1.16153,1.16042,1.16117,1337,2026-04-28T05:21:32.785156+02:00
2021-11-03T22:00:00+01:00,EUR/USD,1.16122,1.16164,1.16079,1.16142,298,2026-04-28T05:21:32.785156+02:00
2021-11-03T23:00:00+01:00,EUR/USD,1.16146,1.1616,1.161,1.16114,372,2026-04-28T05:21:32.785156+02:00
2021-11-04T00:00:00+01:00,EUR/USD,1.16112,1.16165,1.16098,1.16154,603,2026-04-28T05:21:32.785156+02:00
2021-11-04T01:00:00+01:00,EUR/USD,1.16153,1.16162,1.16115,1.16125,964,2026-04-28T05:21:32.785156+02:00
2021-11-04T02:00:00+01:00,EUR/USD,1.16126,1.16128,1.16031,1.16037,1094,2026-04-28T05:21:32.785156+02:00
2021-11-04T03:00:00+01:00,EUR/USD,1.1604,1.16069,1.16002,1.16048,772,2026-04-28T05:21:32.785156+02:00
2021-11-04T04:00:00+01:00,EUR/USD,1.16049,1.16054,1.15928,1.15934,756,2026-04-28T05:21:32.785156+02:00
2021-11-04T05:00:00+01:00,EUR/USD,1.15933,1.15959,1.15908,1.15908,794,2026-04-28T05:21:32.785156+02:00
2021-11-04T06:00:00+01:00,EUR/USD,1.15908,1.15921,1.15854,1.1589,1066,2026-04-28T05:21:32.785156+02:00
2021-11-04T07:00:00+01:00,EUR/USD,1.15888,1.15888,1.15778,1.15781,2599,2026-04-28T05:21:32.785156+02:00
2021-11-04T08:00:00+01:00,EUR/USD,1.15779,1.15822,1.15698,1.15714,3738,2026-04-28T05:21:32.785156+02:00
2021-11-04T09:00:00+01:00,EUR/USD,1.15714,1.15718,1.15489,1.15528,7413,2026-04-28T05:21:32.785156+02:00
2021-11-04T10:00:00+01:00,EUR/USD,1.1553,1.15548,1.15474,1.15528,4069,2026-04-28T05:21:32.785156+02:00
2021-11-04T11:00:00+01:00,EUR/USD,1.15526,1.15526,1.15426,1.15455,3634,2026-04-28T05:21:32.785156+02:00
2021-11-04T12:00:00+01:00,EUR/USD,1.15456,1.15546,1.15444,1.15545,4307,2026-04-28T05:21:32.785156+02:00
2021-11-04T13:00:00+01:00,EUR/USD,1.15544,1.1563,1.15449,1.15624,11330,2026-04-28T05:21:32.785156+02:00
2021-11-04T14:00:00+01:00,EUR/USD,1.15625,1.15732,1.15531,1.15534,7650,2026-04-28T05:21:32.785156+02:00
2021-11-04T15:00:00+01:00,EUR/USD,1.15535,1.15565,1.15399,1.15444,9230,2026-04-28T05:21:32.785156+02:00
2021-11-04T16:00:00+01:00,EUR/USD,1.15443,1.15464,1.15282,1.15456,8616,2026-04-28T05:21:32.785156+02:00
2021-11-04T17:00:00+01:00,EUR/USD,1.15454,1.15524,1.15402,1.15439,5713,2026-04-28T05:21:32.785156+02:00
2021-11-04T18:00:00+01:00,EUR/USD,1.1544,1.15521,1.1543,1.15474,3163,2026-04-28T05:21:32.785156+02:00
2021-11-04T19:00:00+01:00,EUR/USD,1.15472,1.1557,1.15469,1.15526,2849,2026-04-28T05:21:32.785156+02:00
2021-11-04T20:00:00+01:00,EUR/USD,1.15525,1.15574,1.15512,1.15571,1951,2026-04-28T05:21:32.785156+02:00
2021-11-04T21:00:00+01:00,EUR/USD,1.15572,1.15579,1.15519,1.15546,842,2026-04-28T05:21:32.785156+02:00
2021-11-04T22:00:00+01:00,EUR/USD,1.15536,1.15564,1.15524,1.15542,42,2026-04-28T05:21:32.785156+02:00
2021-11-04T23:00:00+01:00,EUR/USD,1.15546,1.15546,1.15526,1.1553,386,2026-04-28T05:21:32.785156+02:00
2021-11-05T00:00:00+01:00,EUR/USD,1.15529,1.15554,1.15488,1.15554,503,2026-04-28T05:21:32.785156+02:00
2021-11-05T01:00:00+01:00,EUR/USD,1.15552,1.1556,1.15472,1.15515,1075,2026-04-28T05:21:32.785156+02:00
2021-11-05T02:00:00+01:00,EUR/USD,1.15516,1.15528,1.15452,1.15506,2053,2026-04-28T05:21:32.785156+02:00
2021-11-05T03:00:00+01:00,EUR/USD,1.15505,1.15505,1.15416,1.15422,1530,2026-04-28T05:21:32.785156+02:00
2021-11-05T04:00:00+01:00,EUR/USD,1.15421,1.1548,1.1541,1.15466,1111,2026-04-28T05:21:32.785156+02:00
2021-11-05T05:00:00+01:00,EUR/USD,1.15468,1.15578,1.15468,1.15576,730,2026-04-28T05:21:32.785156+02:00
2021-11-05T06:00:00+01:00,EUR/USD,1.15574,1.15574,1.1553,1.15532,892,2026-04-28T05:21:32.785156+02:00
2021-11-05T07:00:00+01:00,EUR/USD,1.15531,1.15573,1.15506,1.15546,2308,2026-04-28T05:21:32.785156+02:00
2021-11-05T08:00:00+01:00,EUR/USD,1.15545,1.15631,1.15528,1.15605,3213,2026-04-28T05:21:32.785156+02:00
2021-11-05T09:00:00+01:00,EUR/USD,1.15604,1.15614,1.15472,1.15494,6080,2026-04-28T05:21:32.785156+02:00
2021-11-05T10:00:00+01:00,EUR/USD,1.15493,1.15496,1.15393,1.15427,4973,2026-04-28T05:21:32.785156+02:00
2021-11-05T11:00:00+01:00,EUR/USD,1.15426,1.15427,1.15314,1.15365,4811,2026-04-28T05:21:32.785156+02:00
2021-11-05T12:00:00+01:00,EUR/USD,1.15364,1.1538,1.15301,1.15335,5002,2026-04-28T05:21:32.785156+02:00
2021-11-05T13:00:00+01:00,EUR/USD,1.15336,1.15402,1.15134,1.15146,12390,2026-04-28T05:21:32.785156+02:00
2021-11-05T14:00:00+01:00,EUR/USD,1.15143,1.15366,1.15133,1.15191,12553,2026-04-28T05:21:32.785156+02:00
2021-11-05T15:00:00+01:00,EUR/USD,1.15192,1.15308,1.15182,1.1528,7412,2026-04-28T05:21:32.785156+02:00
2021-11-05T16:00:00+01:00,EUR/USD,1.15282,1.15564,1.15258,1.15524,8853,2026-04-28T05:21:32.785156+02:00
2021-11-05T17:00:00+01:00,EUR/USD,1.15526,1.15666,1.15492,1.15636,5189,2026-04-28T05:21:32.785156+02:00
2021-11-05T18:00:00+01:00,EUR/USD,1.15634,1.15684,1.15566,1.15568,3090,2026-04-28T05:21:32.785156+02:00
2021-11-05T19:00:00+01:00,EUR/USD,1.15568,1.1558,1.15482,1.155,2526,2026-04-28T05:21:32.785156+02:00
2021-11-05T20:00:00+01:00,EUR/USD,1.15499,1.15691,1.15495,1.15681,2535,2026-04-28T05:21:32.785156+02:00
2021-11-05T21:00:00+01:00,EUR/USD,1.15679,1.15736,1.15657,1.1568,1121,2026-04-28T05:21:32.785156+02:00
2021-11-07T23:00:00+01:00,EUR/USD,1.1559,1.15665,1.15571,1.15628,1298,2026-04-28T05:21:32.785156+02:00
2021-11-08T00:00:00+01:00,EUR/USD,1.15637,1.15699,1.15626,1.15682,1250,2026-04-28T05:21:32.785156+02:00
2021-11-08T01:00:00+01:00,EUR/USD,1.1568,1.15682,1.15582,1.15606,854,2026-04-28T05:21:32.785156+02:00
2021-11-08T02:00:00+01:00,EUR/USD,1.15608,1.15626,1.1554,1.1555,1290,2026-04-28T05:21:32.785156+02:00
2021-11-08T03:00:00+01:00,EUR/USD,1.15548,1.15593,1.15534,1.15593,809,2026-04-28T05:21:32.785156+02:00
2021-11-08T04:00:00+01:00,EUR/USD,1.15591,1.15626,1.15576,1.15579,657,2026-04-28T05:21:32.785156+02:00
2021-11-08T05:00:00+01:00,EUR/USD,1.15582,1.15632,1.1557,1.15614,542,2026-04-28T05:21:32.785156+02:00
2021-11-08T06:00:00+01:00,EUR/USD,1.15612,1.1563,1.15595,1.156,583,2026-04-28T05:21:32.785156+02:00
2021-11-08T07:00:00+01:00,EUR/USD,1.15602,1.15688,1.156,1.15636,1706,2026-04-28T05:21:32.785156+02:00
2021-11-08T08:00:00+01:00,EUR/USD,1.15637,1.15662,1.1551,1.15596,3423,2026-04-28T05:21:32.785156+02:00
2021-11-08T09:00:00+01:00,EUR/USD,1.15598,1.1574,1.15505,1.15705,5811,2026-04-28T05:21:32.785156+02:00
2021-11-08T10:00:00+01:00,EUR/USD,1.15706,1.15762,1.15608,1.15613,4402,2026-04-28T05:21:32.785156+02:00
2021-11-08T11:00:00+01:00,EUR/USD,1.15612,1.15697,1.15552,1.15675,3821,2026-04-28T05:21:32.785156+02:00
2021-11-08T12:00:00+01:00,EUR/USD,1.15674,1.15742,1.15618,1.15715,3329,2026-04-28T05:21:32.785156+02:00
2021-11-08T13:00:00+01:00,EUR/USD,1.15714,1.15802,1.15709,1.15762,4539,2026-04-28T05:21:32.785156+02:00
2021-11-08T14:00:00+01:00,EUR/USD,1.15764,1.15832,1.15676,1.15687,5079,2026-04-28T05:21:32.785156+02:00
2021-11-08T15:00:00+01:00,EUR/USD,1.15688,1.15792,1.1564,1.15754,7450,2026-04-28T05:21:32.785156+02:00
2021-11-08T16:00:00+01:00,EUR/USD,1.15752,1.1595,1.15736,1.15889,5914,2026-04-28T05:21:32.785156+02:00
2021-11-08T17:00:00+01:00,EUR/USD,1.1589,1.1595,1.15848,1.1591,3633,2026-04-28T05:21:32.785156+02:00
2021-11-08T18:00:00+01:00,EUR/USD,1.15912,1.15922,1.15838,1.1586,2025,2026-04-28T05:21:32.785156+02:00
2021-11-08T19:00:00+01:00,EUR/USD,1.1586,1.15892,1.15836,1.15873,1931,2026-04-28T05:21:32.785156+02:00
2021-11-08T20:00:00+01:00,EUR/USD,1.15875,1.159,1.1586,1.15892,1212,2026-04-28T05:21:32.785156+02:00
2021-11-08T21:00:00+01:00,EUR/USD,1.15891,1.15914,1.15829,1.15892,2010,2026-04-28T05:21:32.785156+02:00
2021-11-08T22:00:00+01:00,EUR/USD,1.1589,1.15914,1.15862,1.15872,916,2026-04-28T05:21:32.785156+02:00
2021-11-08T23:00:00+01:00,EUR/USD,1.15872,1.15893,1.15852,1.15853,123,2026-04-28T05:21:32.785156+02:00
2021-11-09T00:00:00+01:00,EUR/USD,1.15855,1.1588,1.15849,1.15878,380,2026-04-28T05:21:32.785156+02:00
2021-11-09T01:00:00+01:00,EUR/USD,1.15877,1.15908,1.15793,1.1581,867,2026-04-28T05:21:32.785156+02:00
2021-11-09T02:00:00+01:00,EUR/USD,1.15809,1.15864,1.15772,1.15804,1353,2026-04-28T05:21:32.785156+02:00
2021-11-09T03:00:00+01:00,EUR/USD,1.15802,1.15876,1.15796,1.15848,1888,2026-04-28T05:21:32.785156+02:00
2021-11-09T04:00:00+01:00,EUR/USD,1.15849,1.15888,1.15834,1.15853,1833,2026-04-28T05:21:32.785156+02:00
2021-11-09T05:00:00+01:00,EUR/USD,1.15854,1.15995,1.15854,1.1597,1713,2026-04-28T05:21:32.785156+02:00
2021-11-09T06:00:00+01:00,EUR/USD,1.15969,1.16066,1.15968,1.15997,1452,2026-04-28T05:21:32.785156+02:00
2021-11-09T07:00:00+01:00,EUR/USD,1.15997,1.16064,1.15972,1.15975,2489,2026-04-28T05:21:32.785156+02:00
2021-11-09T08:00:00+01:00,EUR/USD,1.15974,1.16033,1.1591,1.15963,3417,2026-04-28T05:21:32.785156+02:00
2021-11-09T09:00:00+01:00,EUR/USD,1.15964,1.15969,1.15804,1.15896,4611,2026-04-28T05:21:32.785156+02:00
2021-11-09T10:00:00+01:00,EUR/USD,1.15898,1.15948,1.15832,1.15936,3762,2026-04-28T05:21:32.785156+02:00
2021-11-09T11:00:00+01:00,EUR/USD,1.15934,1.15985,1.159,1.15906,3525,2026-04-28T05:21:32.785156+02:00
2021-11-09T12:00:00+01:00,EUR/USD,1.15908,1.15961,1.15782,1.15798,4381,2026-04-28T05:21:32.785156+02:00
2021-11-09T13:00:00+01:00,EUR/USD,1.158,1.1582,1.15714,1.15722,4736,2026-04-28T05:21:32.785156+02:00
2021-11-09T14:00:00+01:00,EUR/USD,1.15723,1.15966,1.15698,1.15962,7440,2026-04-28T05:21:32.785156+02:00
2021-11-09T15:00:00+01:00,EUR/USD,1.1596,1.16089,1.15871,1.16005,8347,2026-04-28T05:21:32.785156+02:00
2021-11-09T16:00:00+01:00,EUR/USD,1.16004,1.16022,1.15756,1.15847,9962,2026-04-28T05:21:32.785156+02:00
2021-11-09T17:00:00+01:00,EUR/USD,1.15848,1.15878,1.15714,1.15874,6449,2026-04-28T05:21:32.785156+02:00
2021-11-09T18:00:00+01:00,EUR/USD,1.15875,1.1594,1.15863,1.15916,3837,2026-04-28T05:21:32.785156+02:00
2021-11-09T19:00:00+01:00,EUR/USD,1.15918,1.15941,1.15872,1.159,2754,2026-04-28T05:21:32.785156+02:00
2021-11-09T20:00:00+01:00,EUR/USD,1.15902,1.15948,1.15886,1.15943,1863,2026-04-28T05:21:32.785156+02:00
2021-11-09T21:00:00+01:00,EUR/USD,1.15944,1.15986,1.15921,1.15959,2123,2026-04-28T05:21:32.785156+02:00
2021-11-09T22:00:00+01:00,EUR/USD,1.15958,1.15968,1.15934,1.15944,606,2026-04-28T05:21:32.785156+02:00
2021-11-09T23:00:00+01:00,EUR/USD,1.15952,1.15956,1.15918,1.15938,176,2026-04-28T05:21:32.785156+02:00
2021-11-10T00:00:00+01:00,EUR/USD,1.15942,1.15948,1.15922,1.15942,460,2026-04-28T05:21:32.785156+02:00
2021-11-10T01:00:00+01:00,EUR/USD,1.1594,1.15954,1.15909,1.15912,612,2026-04-28T05:21:32.785156+02:00
2021-11-10T02:00:00+01:00,EUR/USD,1.15914,1.15952,1.15882,1.15916,1255,2026-04-28T05:21:32.785156+02:00
2021-11-10T03:00:00+01:00,EUR/USD,1.15917,1.15923,1.15834,1.15853,1322,2026-04-28T05:21:32.785156+02:00
2021-11-10T04:00:00+01:00,EUR/USD,1.15854,1.15876,1.15827,1.15842,932,2026-04-28T05:21:32.785156+02:00
2021-11-10T05:00:00+01:00,EUR/USD,1.15843,1.15849,1.15816,1.15842,706,2026-04-28T05:21:32.785156+02:00
2021-11-10T06:00:00+01:00,EUR/USD,1.15842,1.15852,1.1577,1.15776,1124,2026-04-28T05:21:32.785156+02:00
2021-11-10T07:00:00+01:00,EUR/USD,1.15775,1.15822,1.15768,1.158,1861,2026-04-28T05:21:32.785156+02:00
2021-11-10T08:00:00+01:00,EUR/USD,1.15802,1.15802,1.1558,1.15686,4798,2026-04-28T05:21:32.785156+02:00
2021-11-10T09:00:00+01:00,EUR/USD,1.15684,1.15732,1.15621,1.15638,5449,2026-04-28T05:21:32.785156+02:00
2021-11-10T10:00:00+01:00,EUR/USD,1.1564,1.15824,1.15596,1.15776,6013,2026-04-28T05:21:32.785156+02:00
2021-11-10T11:00:00+01:00,EUR/USD,1.15778,1.15812,1.15715,1.15721,3533,2026-04-28T05:21:32.785156+02:00
2021-11-10T12:00:00+01:00,EUR/USD,1.1572,1.1572,1.15458,1.15492,5892,2026-04-28T05:21:32.785156+02:00
2021-11-10T13:00:00+01:00,EUR/USD,1.15494,1.15592,1.15452,1.15582,4920,2026-04-28T05:21:32.785156+02:00
2021-11-10T14:00:00+01:00,EUR/USD,1.15582,1.15646,1.15322,1.15532,12035,2026-04-28T05:21:32.785156+02:00
2021-11-10T15:00:00+01:00,EUR/USD,1.15534,1.15745,1.15496,1.15612,14239,2026-04-28T05:21:32.785156+02:00
2021-11-10T16:00:00+01:00,EUR/USD,1.15613,1.15635,1.15114,1.15187,12344,2026-04-28T05:21:32.785156+02:00
2021-11-10T17:00:00+01:00,EUR/USD,1.15185,1.15349,1.15145,1.15194,7249,2026-04-28T05:21:32.785156+02:00
2021-11-10T18:00:00+01:00,EUR/USD,1.15193,1.15194,1.15056,1.15124,4858,2026-04-28T05:21:32.785156+02:00
2021-11-10T19:00:00+01:00,EUR/USD,1.15126,1.15158,1.1482,1.14986,10465,2026-04-28T05:21:32.785156+02:00
2021-11-10T20:00:00+01:00,EUR/USD,1.14987,1.14989,1.14827,1.14833,4598,2026-04-28T05:21:32.785156+02:00
2021-11-10T21:00:00+01:00,EUR/USD,1.14834,1.14863,1.14778,1.14779,2837,2026-04-28T05:21:32.785156+02:00
2021-11-10T22:00:00+01:00,EUR/USD,1.1478,1.14812,1.14762,1.14778,1122,2026-04-28T05:21:32.785156+02:00
2021-11-10T23:00:00+01:00,EUR/USD,1.14788,1.14862,1.14768,1.14796,250,2026-04-28T05:21:32.785156+02:00
2021-11-11T00:00:00+01:00,EUR/USD,1.14803,1.1487,1.14781,1.14856,544,2026-04-28T05:21:32.785156+02:00
2021-11-11T01:00:00+01:00,EUR/USD,1.14854,1.14876,1.14796,1.14801,1166,2026-04-28T05:21:32.785156+02:00
2021-11-11T02:00:00+01:00,EUR/USD,1.14802,1.14839,1.14728,1.14794,1733,2026-04-28T05:21:32.785156+02:00
2021-11-11T03:00:00+01:00,EUR/USD,1.14796,1.14846,1.14676,1.14686,1119,2026-04-28T05:21:32.785156+02:00
2021-11-11T04:00:00+01:00,EUR/USD,1.14688,1.14786,1.14648,1.14763,1284,2026-04-28T05:21:32.785156+02:00
2021-11-11T05:00:00+01:00,EUR/USD,1.14764,1.14806,1.14706,1.14806,692,2026-04-28T05:21:32.785156+02:00
2021-11-11T06:00:00+01:00,EUR/USD,1.14805,1.14806,1.14751,1.14793,728,2026-04-28T05:21:32.785156+02:00
